track_id,spec_path,track_type,session_intent,efficacy_label,shape
synth_spec_0000,data\processed\spectrograms\synth_spec_0000.npy,ambient,sleep_induction,1,"(1, 128, 128)"
synth_spec_0001,data\processed\spectrograms\synth_spec_0001.npy,ambient,sleep_induction,1,"(1, 128, 128)"
synth_spec_0002,data\processed\spectrograms\synth_spec_0002.npy,rhythmic,sleep_induction,-1,"(1, 128, 128)"
synth_spec_0003,data\processed\spectrograms\synth_spec_0003.npy,rhythmic,anxiety_relief,-1,"(1, 128, 128)"
synth_spec_0004,data\processed\spectrograms\synth_spec_0004.npy,ambient,deep_focus,0,"(1, 128, 128)"
synth_spec_0005,data\processed\spectrograms\synth_spec_0005.npy,rhythmic,deep_focus,0,"(1, 128, 128)"
synth_spec_0006,data\processed\spectrograms\synth_spec_0006.npy,ambient,mood_uplift,0,"(1, 128, 128)"
synth_spec_0007,data\processed\spectrograms\synth_spec_0007.npy,binaural,deep_focus,1,"(1, 128, 128)"
synth_spec_0008,data\processed\spectrograms\synth_spec_0008.npy,rhythmic,deep_focus,0,"(1, 128, 128)"
synth_spec_0009,data\processed\spectrograms\synth_spec_0009.npy,rhythmic,anxiety_relief,-1,"(1, 128, 128)"
synth_spec_0010,data\processed\spectrograms\synth_spec_0010.npy,ambient,grief_processing,0,"(1, 128, 128)"
synth_spec_0011,data\processed\spectrograms\synth_spec_0011.npy,rhythmic,anxiety_relief,-1,"(1, 128, 128)"
synth_spec_0012,data\processed\spectrograms\synth_spec_0012.npy,ambient,mood_uplift,0,"(1, 128, 128)"
synth_spec_0013,data\processed\spectrograms\synth_spec_0013.npy,high_energy,sleep_induction,-1,"(1, 128, 128)"
synth_spec_0014,data\processed\spectrograms\synth_spec_0014.npy,high_energy,anxiety_relief,-1,"(1, 128, 128)"
synth_spec_0015,data\processed\spectrograms\synth_spec_0015.npy,rhythmic,mood_uplift,1,"(1, 128, 128)"
synth_spec_0016,data\processed\spectrograms\synth_spec_0016.npy,rhythmic,sleep_induction,-1,"(1, 128, 128)"
synth_spec_0017,data\processed\spectrograms\synth_spec_0017.npy,rhythmic,sleep_induction,-1,"(1, 128, 128)"
synth_spec_0018,data\processed\spectrograms\synth_spec_0018.npy,binaural,sleep_induction,0,"(1, 128, 128)"
synth_spec_0019,data\processed\spectrograms\synth_spec_0019.npy,binaural,anxiety_relief,0,"(1, 128, 128)"
synth_spec_0020,data\processed\spectrograms\synth_spec_0020.npy,rhythmic,deep_focus,0,"(1, 128, 128)"
synth_spec_0021,data\processed\spectrograms\synth_spec_0021.npy,rhythmic,anxiety_relief,-1,"(1, 128, 128)"
synth_spec_0022,data\processed\spectrograms\synth_spec_0022.npy,rhythmic,sleep_induction,-1,"(1, 128, 128)"
synth_spec_0023,data\processed\spectrograms\synth_spec_0023.npy,rhythmic,mood_uplift,1,"(1, 128, 128)"
synth_spec_0024,data\processed\spectrograms\synth_spec_0024.npy,rhythmic,mood_uplift,1,"(1, 128, 128)"
synth_spec_0025,data\processed\spectrograms\synth_spec_0025.npy,rhythmic,anxiety_relief,-1,"(1, 128, 128)"
synth_spec_0026,data\processed\spectrograms\synth_spec_0026.npy,ambient,anxiety_relief,1,"(1, 128, 128)"
synth_spec_0027,data\processed\spectrograms\synth_spec_0027.npy,ambient,sleep_induction,1,"(1, 128, 128)"
synth_spec_0028,data\processed\spectrograms\synth_spec_0028.npy,high_energy,deep_focus,0,"(1, 128, 128)"
synth_spec_0029,data\processed\spectrograms\synth_spec_0029.npy,rhythmic,mood_uplift,1,"(1, 128, 128)"
synth_spec_0030,data\processed\spectrograms\synth_spec_0030.npy,rhythmic,sleep_induction,-1,"(1, 128, 128)"
synth_spec_0031,data\processed\spectrograms\synth_spec_0031.npy,rhythmic,anxiety_relief,-1,"(1, 128, 128)"
synth_spec_0032,data\processed\spectrograms\synth_spec_0032.npy,rhythmic,sleep_induction,-1,"(1, 128, 128)"
synth_spec_0033,data\processed\spectrograms\synth_spec_0033.npy,rhythmic,deep_focus,0,"(1, 128, 128)"
synth_spec_0034,data\processed\spectrograms\synth_spec_0034.npy,binaural,anxiety_relief,0,"(1, 128, 128)"
synth_spec_0035,data\processed\spectrograms\synth_spec_0035.npy,rhythmic,mood_uplift,1,"(1, 128, 128)"
synth_spec_0036,data\processed\spectrograms\synth_spec_0036.npy,rhythmic,mood_uplift,1,"(1, 128, 128)"
synth_spec_0037,data\processed\spectrograms\synth_spec_0037.npy,ambient,sleep_induction,1,"(1, 128, 128)"
synth_spec_0038,data\processed\spectrograms\synth_spec_0038.npy,rhythmic,mood_uplift,1,"(1, 128, 128)"
synth_spec_0039,data\processed\spectrograms\synth_spec_0039.npy,rhythmic,sleep_induction,-1,"(1, 128, 128)"
synth_spec_0040,data\processed\spectrograms\synth_spec_0040.npy,high_energy,anxiety_relief,-1,"(1, 128, 128)"
synth_spec_0041,data\processed\spectrograms\synth_spec_0041.npy,rhythmic,sleep_induction,-1,"(1, 128, 128)"
synth_spec_0042,data\processed\spectrograms\synth_spec_0042.npy,rhythmic,anxiety_relief,-1,"(1, 128, 128)"
synth_spec_0043,data\processed\spectrograms\synth_spec_0043.npy,binaural,deep_focus,1,"(1, 128, 128)"
synth_spec_0044,data\processed\spectrograms\synth_spec_0044.npy,rhythmic,mood_uplift,1,"(1, 128, 128)"
synth_spec_0045,data\processed\spectrograms\synth_spec_0045.npy,ambient,sleep_induction,1,"(1, 128, 128)"
synth_spec_0046,data\processed\spectrograms\synth_spec_0046.npy,ambient,anxiety_relief,1,"(1, 128, 128)"
synth_spec_0047,data\processed\spectrograms\synth_spec_0047.npy,ambient,anxiety_relief,1,"(1, 128, 128)"
synth_spec_0048,data\processed\spectrograms\synth_spec_0048.npy,rhythmic,anxiety_relief,-1,"(1, 128, 128)"
synth_spec_0049,data\processed\spectrograms\synth_spec_0049.npy,binaural,grief_processing,0,"(1, 128, 128)"
synth_spec_0050,data\processed\spectrograms\synth_spec_0050.npy,ambient,anxiety_relief,1,"(1, 128, 128)"
synth_spec_0051,data\processed\spectrograms\synth_spec_0051.npy,binaural,anxiety_relief,0,"(1, 128, 128)"
synth_spec_0052,data\processed\spectrograms\synth_spec_0052.npy,rhythmic,mood_uplift,1,"(1, 128, 128)"
synth_spec_0053,data\processed\spectrograms\synth_spec_0053.npy,rhythmic,deep_focus,0,"(1, 128, 128)"
synth_spec_0054,data\processed\spectrograms\synth_spec_0054.npy,ambient,grief_processing,0,"(1, 128, 128)"
synth_spec_0055,data\processed\spectrograms\synth_spec_0055.npy,binaural,grief_processing,0,"(1, 128, 128)"
synth_spec_0056,data\processed\spectrograms\synth_spec_0056.npy,rhythmic,sleep_induction,-1,"(1, 128, 128)"
synth_spec_0057,data\processed\spectrograms\synth_spec_0057.npy,ambient,anxiety_relief,0,"(1, 128, 128)"
synth_spec_0058,data\processed\spectrograms\synth_spec_0058.npy,high_energy,sleep_induction,-1,"(1, 128, 128)"
synth_spec_0059,data\processed\spectrograms\synth_spec_0059.npy,rhythmic,deep_focus,0,"(1, 128, 128)"
synth_spec_0060,data\processed\spectrograms\synth_spec_0060.npy,binaural,deep_focus,1,"(1, 128, 128)"
synth_spec_0061,data\processed\spectrograms\synth_spec_0061.npy,binaural,mood_uplift,0,"(1, 128, 128)"
synth_spec_0062,data\processed\spectrograms\synth_spec_0062.npy,rhythmic,mood_uplift,1,"(1, 128, 128)"
synth_spec_0063,data\processed\spectrograms\synth_spec_0063.npy,rhythmic,deep_focus,0,"(1, 128, 128)"
synth_spec_0064,data\processed\spectrograms\synth_spec_0064.npy,binaural,grief_processing,0,"(1, 128, 128)"
synth_spec_0065,data\processed\spectrograms\synth_spec_0065.npy,binaural,anxiety_relief,0,"(1, 128, 128)"
synth_spec_0066,data\processed\spectrograms\synth_spec_0066.npy,rhythmic,sleep_induction,-1,"(1, 128, 128)"
synth_spec_0067,data\processed\spectrograms\synth_spec_0067.npy,rhythmic,sleep_induction,-1,"(1, 128, 128)"
synth_spec_0068,data\processed\spectrograms\synth_spec_0068.npy,rhythmic,mood_uplift,1,"(1, 128, 128)"
synth_spec_0069,data\processed\spectrograms\synth_spec_0069.npy,rhythmic,mood_uplift,1,"(1, 128, 128)"
synth_spec_0070,data\processed\spectrograms\synth_spec_0070.npy,ambient,deep_focus,0,"(1, 128, 128)"
synth_spec_0071,data\processed\spectrograms\synth_spec_0071.npy,binaural,mood_uplift,-1,"(1, 128, 128)"
synth_spec_0072,data\processed\spectrograms\synth_spec_0072.npy,ambient,anxiety_relief,1,"(1, 128, 128)"
synth_spec_0073,data\processed\spectrograms\synth_spec_0073.npy,ambient,mood_uplift,0,"(1, 128, 128)"
synth_spec_0074,data\processed\spectrograms\synth_spec_0074.npy,rhythmic,grief_processing,0,"(1, 128, 128)"
synth_spec_0075,data\processed\spectrograms\synth_spec_0075.npy,rhythmic,anxiety_relief,-1,"(1, 128, 128)"
synth_spec_0076,data\processed\spectrograms\synth_spec_0076.npy,high_energy,anxiety_relief,-1,"(1, 128, 128)"
synth_spec_0077,data\processed\spectrograms\synth_spec_0077.npy,ambient,deep_focus,0,"(1, 128, 128)"
synth_spec_0078,data\processed\spectrograms\synth_spec_0078.npy,binaural,anxiety_relief,0,"(1, 128, 128)"
synth_spec_0079,data\processed\spectrograms\synth_spec_0079.npy,ambient,grief_processing,0,"(1, 128, 128)"
synth_spec_0080,data\processed\spectrograms\synth_spec_0080.npy,rhythmic,mood_uplift,1,"(1, 128, 128)"
synth_spec_0081,data\processed\spectrograms\synth_spec_0081.npy,binaural,anxiety_relief,0,"(1, 128, 128)"
synth_spec_0082,data\processed\spectrograms\synth_spec_0082.npy,binaural,sleep_induction,0,"(1, 128, 128)"
synth_spec_0083,data\processed\spectrograms\synth_spec_0083.npy,binaural,deep_focus,1,"(1, 128, 128)"
synth_spec_0084,data\processed\spectrograms\synth_spec_0084.npy,ambient,deep_focus,0,"(1, 128, 128)"
synth_spec_0085,data\processed\spectrograms\synth_spec_0085.npy,rhythmic,deep_focus,0,"(1, 128, 128)"
synth_spec_0086,data\processed\spectrograms\synth_spec_0086.npy,rhythmic,anxiety_relief,-1,"(1, 128, 128)"
synth_spec_0087,data\processed\spectrograms\synth_spec_0087.npy,ambient,mood_uplift,0,"(1, 128, 128)"
synth_spec_0088,data\processed\spectrograms\synth_spec_0088.npy,rhythmic,mood_uplift,1,"(1, 128, 128)"
synth_spec_0089,data\processed\spectrograms\synth_spec_0089.npy,rhythmic,anxiety_relief,-1,"(1, 128, 128)"
synth_spec_0090,data\processed\spectrograms\synth_spec_0090.npy,high_energy,grief_processing,0,"(1, 128, 128)"
synth_spec_0091,data\processed\spectrograms\synth_spec_0091.npy,rhythmic,anxiety_relief,-1,"(1, 128, 128)"
synth_spec_0092,data\processed\spectrograms\synth_spec_0092.npy,binaural,anxiety_relief,0,"(1, 128, 128)"
synth_spec_0093,data\processed\spectrograms\synth_spec_0093.npy,high_energy,sleep_induction,-1,"(1, 128, 128)"
synth_spec_0094,data\processed\spectrograms\synth_spec_0094.npy,ambient,mood_uplift,0,"(1, 128, 128)"
synth_spec_0095,data\processed\spectrograms\synth_spec_0095.npy,ambient,mood_uplift,0,"(1, 128, 128)"
synth_spec_0096,data\processed\spectrograms\synth_spec_0096.npy,rhythmic,sleep_induction,-1,"(1, 128, 128)"
synth_spec_0097,data\processed\spectrograms\synth_spec_0097.npy,binaural,mood_uplift,0,"(1, 128, 128)"
synth_spec_0098,data\processed\spectrograms\synth_spec_0098.npy,ambient,sleep_induction,1,"(1, 128, 128)"
synth_spec_0099,data\processed\spectrograms\synth_spec_0099.npy,binaural,sleep_induction,0,"(1, 128, 128)"
synth_spec_0100,data\processed\spectrograms\synth_spec_0100.npy,high_energy,anxiety_relief,-1,"(1, 128, 128)"
synth_spec_0101,data\processed\spectrograms\synth_spec_0101.npy,rhythmic,anxiety_relief,-1,"(1, 128, 128)"
synth_spec_0102,data\processed\spectrograms\synth_spec_0102.npy,rhythmic,sleep_induction,-1,"(1, 128, 128)"
synth_spec_0103,data\processed\spectrograms\synth_spec_0103.npy,ambient,deep_focus,0,"(1, 128, 128)"
synth_spec_0104,data\processed\spectrograms\synth_spec_0104.npy,binaural,grief_processing,0,"(1, 128, 128)"
synth_spec_0105,data\processed\spectrograms\synth_spec_0105.npy,high_energy,deep_focus,0,"(1, 128, 128)"
synth_spec_0106,data\processed\spectrograms\synth_spec_0106.npy,ambient,deep_focus,0,"(1, 128, 128)"
synth_spec_0107,data\processed\spectrograms\synth_spec_0107.npy,binaural,sleep_induction,0,"(1, 128, 128)"
synth_spec_0108,data\processed\spectrograms\synth_spec_0108.npy,rhythmic,anxiety_relief,-1,"(1, 128, 128)"
synth_spec_0109,data\processed\spectrograms\synth_spec_0109.npy,binaural,anxiety_relief,0,"(1, 128, 128)"
synth_spec_0110,data\processed\spectrograms\synth_spec_0110.npy,binaural,grief_processing,0,"(1, 128, 128)"
synth_spec_0111,data\processed\spectrograms\synth_spec_0111.npy,rhythmic,anxiety_relief,-1,"(1, 128, 128)"
synth_spec_0112,data\processed\spectrograms\synth_spec_0112.npy,ambient,anxiety_relief,1,"(1, 128, 128)"
synth_spec_0113,data\processed\spectrograms\synth_spec_0113.npy,binaural,deep_focus,1,"(1, 128, 128)"
synth_spec_0114,data\processed\spectrograms\synth_spec_0114.npy,rhythmic,sleep_induction,-1,"(1, 128, 128)"
synth_spec_0115,data\processed\spectrograms\synth_spec_0115.npy,rhythmic,anxiety_relief,-1,"(1, 128, 128)"
synth_spec_0116,data\processed\spectrograms\synth_spec_0116.npy,rhythmic,deep_focus,0,"(1, 128, 128)"
synth_spec_0117,data\processed\spectrograms\synth_spec_0117.npy,binaural,anxiety_relief,0,"(1, 128, 128)"
synth_spec_0118,data\processed\spectrograms\synth_spec_0118.npy,binaural,deep_focus,1,"(1, 128, 128)"
synth_spec_0119,data\processed\spectrograms\synth_spec_0119.npy,binaural,anxiety_relief,0,"(1, 128, 128)"
synth_spec_0120,data\processed\spectrograms\synth_spec_0120.npy,binaural,anxiety_relief,0,"(1, 128, 128)"
synth_spec_0121,data\processed\spectrograms\synth_spec_0121.npy,ambient,sleep_induction,1,"(1, 128, 128)"
synth_spec_0122,data\processed\spectrograms\synth_spec_0122.npy,rhythmic,anxiety_relief,-1,"(1, 128, 128)"
synth_spec_0123,data\processed\spectrograms\synth_spec_0123.npy,binaural,anxiety_relief,0,"(1, 128, 128)"
synth_spec_0124,data\processed\spectrograms\synth_spec_0124.npy,rhythmic,sleep_induction,-1,"(1, 128, 128)"
synth_spec_0125,data\processed\spectrograms\synth_spec_0125.npy,rhythmic,deep_focus,0,"(1, 128, 128)"
synth_spec_0126,data\processed\spectrograms\synth_spec_0126.npy,binaural,anxiety_relief,0,"(1, 128, 128)"
synth_spec_0127,data\processed\spectrograms\synth_spec_0127.npy,ambient,anxiety_relief,1,"(1, 128, 128)"
synth_spec_0128,data\processed\spectrograms\synth_spec_0128.npy,rhythmic,mood_uplift,1,"(1, 128, 128)"
synth_spec_0129,data\processed\spectrograms\synth_spec_0129.npy,rhythmic,grief_processing,0,"(1, 128, 128)"
synth_spec_0130,data\processed\spectrograms\synth_spec_0130.npy,rhythmic,anxiety_relief,-1,"(1, 128, 128)"
synth_spec_0131,data\processed\spectrograms\synth_spec_0131.npy,rhythmic,sleep_induction,-1,"(1, 128, 128)"
synth_spec_0132,data\processed\spectrograms\synth_spec_0132.npy,rhythmic,anxiety_relief,-1,"(1, 128, 128)"
synth_spec_0133,data\processed\spectrograms\synth_spec_0133.npy,binaural,deep_focus,1,"(1, 128, 128)"
synth_spec_0134,data\processed\spectrograms\synth_spec_0134.npy,ambient,sleep_induction,1,"(1, 128, 128)"
synth_spec_0135,data\processed\spectrograms\synth_spec_0135.npy,ambient,mood_uplift,0,"(1, 128, 128)"
synth_spec_0136,data\processed\spectrograms\synth_spec_0136.npy,rhythmic,sleep_induction,-1,"(1, 128, 128)"
synth_spec_0137,data\processed\spectrograms\synth_spec_0137.npy,high_energy,sleep_induction,-1,"(1, 128, 128)"
synth_spec_0138,data\processed\spectrograms\synth_spec_0138.npy,high_energy,grief_processing,0,"(1, 128, 128)"
synth_spec_0139,data\processed\spectrograms\synth_spec_0139.npy,ambient,anxiety_relief,1,"(1, 128, 128)"
synth_spec_0140,data\processed\spectrograms\synth_spec_0140.npy,binaural,sleep_induction,0,"(1, 128, 128)"
synth_spec_0141,data\processed\spectrograms\synth_spec_0141.npy,binaural,deep_focus,1,"(1, 128, 128)"
synth_spec_0142,data\processed\spectrograms\synth_spec_0142.npy,ambient,anxiety_relief,1,"(1, 128, 128)"
synth_spec_0143,data\processed\spectrograms\synth_spec_0143.npy,rhythmic,sleep_induction,-1,"(1, 128, 128)"
synth_spec_0144,data\processed\spectrograms\synth_spec_0144.npy,ambient,sleep_induction,1,"(1, 128, 128)"
synth_spec_0145,data\processed\spectrograms\synth_spec_0145.npy,ambient,mood_uplift,0,"(1, 128, 128)"
synth_spec_0146,data\processed\spectrograms\synth_spec_0146.npy,rhythmic,anxiety_relief,-1,"(1, 128, 128)"
synth_spec_0147,data\processed\spectrograms\synth_spec_0147.npy,binaural,anxiety_relief,0,"(1, 128, 128)"
synth_spec_0148,data\processed\spectrograms\synth_spec_0148.npy,ambient,anxiety_relief,1,"(1, 128, 128)"
synth_spec_0149,data\processed\spectrograms\synth_spec_0149.npy,rhythmic,deep_focus,0,"(1, 128, 128)"
synth_spec_0150,data\processed\spectrograms\synth_spec_0150.npy,rhythmic,deep_focus,0,"(1, 128, 128)"
synth_spec_0151,data\processed\spectrograms\synth_spec_0151.npy,binaural,mood_uplift,0,"(1, 128, 128)"
synth_spec_0152,data\processed\spectrograms\synth_spec_0152.npy,ambient,grief_processing,0,"(1, 128, 128)"
synth_spec_0153,data\processed\spectrograms\synth_spec_0153.npy,binaural,sleep_induction,0,"(1, 128, 128)"
synth_spec_0154,data\processed\spectrograms\synth_spec_0154.npy,rhythmic,anxiety_relief,-1,"(1, 128, 128)"
synth_spec_0155,data\processed\spectrograms\synth_spec_0155.npy,rhythmic,sleep_induction,-1,"(1, 128, 128)"
synth_spec_0156,data\processed\spectrograms\synth_spec_0156.npy,ambient,grief_processing,0,"(1, 128, 128)"
synth_spec_0157,data\processed\spectrograms\synth_spec_0157.npy,ambient,anxiety_relief,1,"(1, 128, 128)"
synth_spec_0158,data\processed\spectrograms\synth_spec_0158.npy,ambient,grief_processing,0,"(1, 128, 128)"
synth_spec_0159,data\processed\spectrograms\synth_spec_0159.npy,ambient,grief_processing,0,"(1, 128, 128)"
synth_spec_0160,data\processed\spectrograms\synth_spec_0160.npy,rhythmic,mood_uplift,1,"(1, 128, 128)"
synth_spec_0161,data\processed\spectrograms\synth_spec_0161.npy,binaural,mood_uplift,0,"(1, 128, 128)"
synth_spec_0162,data\processed\spectrograms\synth_spec_0162.npy,binaural,deep_focus,1,"(1, 128, 128)"
synth_spec_0163,data\processed\spectrograms\synth_spec_0163.npy,binaural,sleep_induction,0,"(1, 128, 128)"
synth_spec_0164,data\processed\spectrograms\synth_spec_0164.npy,rhythmic,anxiety_relief,-1,"(1, 128, 128)"
synth_spec_0165,data\processed\spectrograms\synth_spec_0165.npy,binaural,anxiety_relief,0,"(1, 128, 128)"
synth_spec_0166,data\processed\spectrograms\synth_spec_0166.npy,rhythmic,deep_focus,0,"(1, 128, 128)"
synth_spec_0167,data\processed\spectrograms\synth_spec_0167.npy,rhythmic,deep_focus,0,"(1, 128, 128)"
synth_spec_0168,data\processed\spectrograms\synth_spec_0168.npy,rhythmic,sleep_induction,-1,"(1, 128, 128)"
synth_spec_0169,data\processed\spectrograms\synth_spec_0169.npy,binaural,mood_uplift,0,"(1, 128, 128)"
synth_spec_0170,data\processed\spectrograms\synth_spec_0170.npy,rhythmic,sleep_induction,-1,"(1, 128, 128)"
synth_spec_0171,data\processed\spectrograms\synth_spec_0171.npy,rhythmic,grief_processing,0,"(1, 128, 128)"
synth_spec_0172,data\processed\spectrograms\synth_spec_0172.npy,ambient,anxiety_relief,1,"(1, 128, 128)"
synth_spec_0173,data\processed\spectrograms\synth_spec_0173.npy,ambient,deep_focus,0,"(1, 128, 128)"
synth_spec_0174,data\processed\spectrograms\synth_spec_0174.npy,ambient,sleep_induction,1,"(1, 128, 128)"
synth_spec_0175,data\processed\spectrograms\synth_spec_0175.npy,ambient,sleep_induction,1,"(1, 128, 128)"
synth_spec_0176,data\processed\spectrograms\synth_spec_0176.npy,rhythmic,grief_processing,0,"(1, 128, 128)"
synth_spec_0177,data\processed\spectrograms\synth_spec_0177.npy,rhythmic,mood_uplift,1,"(1, 128, 128)"
synth_spec_0178,data\processed\spectrograms\synth_spec_0178.npy,binaural,anxiety_relief,0,"(1, 128, 128)"
synth_spec_0179,data\processed\spectrograms\synth_spec_0179.npy,ambient,deep_focus,0,"(1, 128, 128)"
synth_spec_0180,data\processed\spectrograms\synth_spec_0180.npy,ambient,sleep_induction,1,"(1, 128, 128)"
synth_spec_0181,data\processed\spectrograms\synth_spec_0181.npy,ambient,deep_focus,0,"(1, 128, 128)"
synth_spec_0182,data\processed\spectrograms\synth_spec_0182.npy,ambient,sleep_induction,1,"(1, 128, 128)"
synth_spec_0183,data\processed\spectrograms\synth_spec_0183.npy,ambient,mood_uplift,0,"(1, 128, 128)"
synth_spec_0184,data\processed\spectrograms\synth_spec_0184.npy,binaural,anxiety_relief,0,"(1, 128, 128)"
synth_spec_0185,data\processed\spectrograms\synth_spec_0185.npy,rhythmic,anxiety_relief,-1,"(1, 128, 128)"
synth_spec_0186,data\processed\spectrograms\synth_spec_0186.npy,rhythmic,sleep_induction,-1,"(1, 128, 128)"
synth_spec_0187,data\processed\spectrograms\synth_spec_0187.npy,high_energy,sleep_induction,-1,"(1, 128, 128)"
synth_spec_0188,data\processed\spectrograms\synth_spec_0188.npy,binaural,sleep_induction,0,"(1, 128, 128)"
synth_spec_0189,data\processed\spectrograms\synth_spec_0189.npy,ambient,mood_uplift,0,"(1, 128, 128)"
synth_spec_0190,data\processed\spectrograms\synth_spec_0190.npy,ambient,anxiety_relief,1,"(1, 128, 128)"
synth_spec_0191,data\processed\spectrograms\synth_spec_0191.npy,ambient,grief_processing,0,"(1, 128, 128)"
synth_spec_0192,data\processed\spectrograms\synth_spec_0192.npy,ambient,anxiety_relief,1,"(1, 128, 128)"
synth_spec_0193,data\processed\spectrograms\synth_spec_0193.npy,rhythmic,grief_processing,0,"(1, 128, 128)"
synth_spec_0194,data\processed\spectrograms\synth_spec_0194.npy,rhythmic,anxiety_relief,-1,"(1, 128, 128)"
synth_spec_0195,data\processed\spectrograms\synth_spec_0195.npy,rhythmic,deep_focus,0,"(1, 128, 128)"
synth_spec_0196,data\processed\spectrograms\synth_spec_0196.npy,rhythmic,anxiety_relief,-1,"(1, 128, 128)"
synth_spec_0197,data\processed\spectrograms\synth_spec_0197.npy,rhythmic,anxiety_relief,-1,"(1, 128, 128)"
synth_spec_0198,data\processed\spectrograms\synth_spec_0198.npy,ambient,grief_processing,0,"(1, 128, 128)"
synth_spec_0199,data\processed\spectrograms\synth_spec_0199.npy,rhythmic,anxiety_relief,-1,"(1, 128, 128)"
synth_spec_0200,data\processed\spectrograms\synth_spec_0200.npy,binaural,sleep_induction,0,"(1, 128, 128)"
synth_spec_0201,data\processed\spectrograms\synth_spec_0201.npy,rhythmic,mood_uplift,1,"(1, 128, 128)"
synth_spec_0202,data\processed\spectrograms\synth_spec_0202.npy,rhythmic,anxiety_relief,-1,"(1, 128, 128)"
synth_spec_0203,data\processed\spectrograms\synth_spec_0203.npy,binaural,grief_processing,0,"(1, 128, 128)"
synth_spec_0204,data\processed\spectrograms\synth_spec_0204.npy,rhythmic,deep_focus,0,"(1, 128, 128)"
synth_spec_0205,data\processed\spectrograms\synth_spec_0205.npy,ambient,sleep_induction,1,"(1, 128, 128)"
synth_spec_0206,data\processed\spectrograms\synth_spec_0206.npy,rhythmic,deep_focus,0,"(1, 128, 128)"
synth_spec_0207,data\processed\spectrograms\synth_spec_0207.npy,rhythmic,grief_processing,0,"(1, 128, 128)"
synth_spec_0208,data\processed\spectrograms\synth_spec_0208.npy,high_energy,sleep_induction,-1,"(1, 128, 128)"
synth_spec_0209,data\processed\spectrograms\synth_spec_0209.npy,rhythmic,sleep_induction,-1,"(1, 128, 128)"
synth_spec_0210,data\processed\spectrograms\synth_spec_0210.npy,rhythmic,sleep_induction,-1,"(1, 128, 128)"
synth_spec_0211,data\processed\spectrograms\synth_spec_0211.npy,binaural,sleep_induction,0,"(1, 128, 128)"
synth_spec_0212,data\processed\spectrograms\synth_spec_0212.npy,rhythmic,anxiety_relief,-1,"(1, 128, 128)"
synth_spec_0213,data\processed\spectrograms\synth_spec_0213.npy,high_energy,anxiety_relief,-1,"(1, 128, 128)"
synth_spec_0214,data\processed\spectrograms\synth_spec_0214.npy,binaural,deep_focus,1,"(1, 128, 128)"
synth_spec_0215,data\processed\spectrograms\synth_spec_0215.npy,rhythmic,anxiety_relief,-1,"(1, 128, 128)"
synth_spec_0216,data\processed\spectrograms\synth_spec_0216.npy,rhythmic,mood_uplift,1,"(1, 128, 128)"
synth_spec_0217,data\processed\spectrograms\synth_spec_0217.npy,binaural,deep_focus,1,"(1, 128, 128)"
synth_spec_0218,data\processed\spectrograms\synth_spec_0218.npy,rhythmic,sleep_induction,-1,"(1, 128, 128)"
synth_spec_0219,data\processed\spectrograms\synth_spec_0219.npy,binaural,anxiety_relief,0,"(1, 128, 128)"
synth_spec_0220,data\processed\spectrograms\synth_spec_0220.npy,rhythmic,anxiety_relief,-1,"(1, 128, 128)"
synth_spec_0221,data\processed\spectrograms\synth_spec_0221.npy,ambient,sleep_induction,1,"(1, 128, 128)"
synth_spec_0222,data\processed\spectrograms\synth_spec_0222.npy,rhythmic,grief_processing,0,"(1, 128, 128)"
synth_spec_0223,data\processed\spectrograms\synth_spec_0223.npy,binaural,anxiety_relief,0,"(1, 128, 128)"
synth_spec_0224,data\processed\spectrograms\synth_spec_0224.npy,ambient,deep_focus,0,"(1, 128, 128)"
synth_spec_0225,data\processed\spectrograms\synth_spec_0225.npy,rhythmic,anxiety_relief,-1,"(1, 128, 128)"
synth_spec_0226,data\processed\spectrograms\synth_spec_0226.npy,ambient,mood_uplift,0,"(1, 128, 128)"
synth_spec_0227,data\processed\spectrograms\synth_spec_0227.npy,ambient,anxiety_relief,1,"(1, 128, 128)"
synth_spec_0228,data\processed\spectrograms\synth_spec_0228.npy,ambient,sleep_induction,1,"(1, 128, 128)"
synth_spec_0229,data\processed\spectrograms\synth_spec_0229.npy,rhythmic,sleep_induction,-1,"(1, 128, 128)"
synth_spec_0230,data\processed\spectrograms\synth_spec_0230.npy,binaural,anxiety_relief,0,"(1, 128, 128)"
synth_spec_0231,data\processed\spectrograms\synth_spec_0231.npy,ambient,grief_processing,0,"(1, 128, 128)"
synth_spec_0232,data\processed\spectrograms\synth_spec_0232.npy,rhythmic,mood_uplift,1,"(1, 128, 128)"
synth_spec_0233,data\processed\spectrograms\synth_spec_0233.npy,binaural,anxiety_relief,0,"(1, 128, 128)"
synth_spec_0234,data\processed\spectrograms\synth_spec_0234.npy,rhythmic,mood_uplift,1,"(1, 128, 128)"
synth_spec_0235,data\processed\spectrograms\synth_spec_0235.npy,ambient,grief_processing,0,"(1, 128, 128)"
synth_spec_0236,data\processed\spectrograms\synth_spec_0236.npy,high_energy,anxiety_relief,-1,"(1, 128, 128)"
synth_spec_0237,data\processed\spectrograms\synth_spec_0237.npy,binaural,anxiety_relief,0,"(1, 128, 128)"
synth_spec_0238,data\processed\spectrograms\synth_spec_0238.npy,rhythmic,deep_focus,0,"(1, 128, 128)"
synth_spec_0239,data\processed\spectrograms\synth_spec_0239.npy,ambient,deep_focus,0,"(1, 128, 128)"
synth_spec_0240,data\processed\spectrograms\synth_spec_0240.npy,binaural,anxiety_relief,0,"(1, 128, 128)"
synth_spec_0241,data\processed\spectrograms\synth_spec_0241.npy,rhythmic,grief_processing,0,"(1, 128, 128)"
synth_spec_0242,data\processed\spectrograms\synth_spec_0242.npy,ambient,anxiety_relief,1,"(1, 128, 128)"
synth_spec_0243,data\processed\spectrograms\synth_spec_0243.npy,rhythmic,mood_uplift,1,"(1, 128, 128)"
synth_spec_0244,data\processed\spectrograms\synth_spec_0244.npy,rhythmic,mood_uplift,1,"(1, 128, 128)"
synth_spec_0245,data\processed\spectrograms\synth_spec_0245.npy,rhythmic,mood_uplift,1,"(1, 128, 128)"
synth_spec_0246,data\processed\spectrograms\synth_spec_0246.npy,rhythmic,anxiety_relief,-1,"(1, 128, 128)"
synth_spec_0247,data\processed\spectrograms\synth_spec_0247.npy,high_energy,sleep_induction,-1,"(1, 128, 128)"
synth_spec_0248,data\processed\spectrograms\synth_spec_0248.npy,rhythmic,grief_processing,0,"(1, 128, 128)"
synth_spec_0249,data\processed\spectrograms\synth_spec_0249.npy,binaural,mood_uplift,0,"(1, 128, 128)"
synth_spec_0250,data\processed\spectrograms\synth_spec_0250.npy,high_energy,mood_uplift,0,"(1, 128, 128)"
synth_spec_0251,data\processed\spectrograms\synth_spec_0251.npy,binaural,anxiety_relief,0,"(1, 128, 128)"
synth_spec_0252,data\processed\spectrograms\synth_spec_0252.npy,rhythmic,sleep_induction,-1,"(1, 128, 128)"
synth_spec_0253,data\processed\spectrograms\synth_spec_0253.npy,ambient,mood_uplift,0,"(1, 128, 128)"
synth_spec_0254,data\processed\spectrograms\synth_spec_0254.npy,binaural,deep_focus,1,"(1, 128, 128)"
synth_spec_0255,data\processed\spectrograms\synth_spec_0255.npy,high_energy,deep_focus,0,"(1, 128, 128)"
synth_spec_0256,data\processed\spectrograms\synth_spec_0256.npy,binaural,sleep_induction,0,"(1, 128, 128)"
synth_spec_0257,data\processed\spectrograms\synth_spec_0257.npy,rhythmic,deep_focus,0,"(1, 128, 128)"
synth_spec_0258,data\processed\spectrograms\synth_spec_0258.npy,ambient,grief_processing,0,"(1, 128, 128)"
synth_spec_0259,data\processed\spectrograms\synth_spec_0259.npy,ambient,mood_uplift,0,"(1, 128, 128)"
synth_spec_0260,data\processed\spectrograms\synth_spec_0260.npy,high_energy,anxiety_relief,-1,"(1, 128, 128)"
synth_spec_0261,data\processed\spectrograms\synth_spec_0261.npy,high_energy,mood_uplift,0,"(1, 128, 128)"
synth_spec_0262,data\processed\spectrograms\synth_spec_0262.npy,rhythmic,anxiety_relief,-1,"(1, 128, 128)"
synth_spec_0263,data\processed\spectrograms\synth_spec_0263.npy,rhythmic,anxiety_relief,-1,"(1, 128, 128)"
synth_spec_0264,data\processed\spectrograms\synth_spec_0264.npy,rhythmic,anxiety_relief,-1,"(1, 128, 128)"
synth_spec_0265,data\processed\spectrograms\synth_spec_0265.npy,ambient,sleep_induction,1,"(1, 128, 128)"
synth_spec_0266,data\processed\spectrograms\synth_spec_0266.npy,binaural,mood_uplift,0,"(1, 128, 128)"
synth_spec_0267,data\processed\spectrograms\synth_spec_0267.npy,ambient,sleep_induction,1,"(1, 128, 128)"
synth_spec_0268,data\processed\spectrograms\synth_spec_0268.npy,ambient,mood_uplift,0,"(1, 128, 128)"
synth_spec_0269,data\processed\spectrograms\synth_spec_0269.npy,rhythmic,anxiety_relief,-1,"(1, 128, 128)"
synth_spec_0270,data\processed\spectrograms\synth_spec_0270.npy,rhythmic,deep_focus,0,"(1, 128, 128)"
synth_spec_0271,data\processed\spectrograms\synth_spec_0271.npy,rhythmic,mood_uplift,1,"(1, 128, 128)"
synth_spec_0272,data\processed\spectrograms\synth_spec_0272.npy,high_energy,anxiety_relief,-1,"(1, 128, 128)"
synth_spec_0273,data\processed\spectrograms\synth_spec_0273.npy,ambient,sleep_induction,1,"(1, 128, 128)"
synth_spec_0274,data\processed\spectrograms\synth_spec_0274.npy,ambient,mood_uplift,0,"(1, 128, 128)"
synth_spec_0275,data\processed\spectrograms\synth_spec_0275.npy,high_energy,mood_uplift,0,"(1, 128, 128)"
synth_spec_0276,data\processed\spectrograms\synth_spec_0276.npy,ambient,anxiety_relief,1,"(1, 128, 128)"
synth_spec_0277,data\processed\spectrograms\synth_spec_0277.npy,rhythmic,anxiety_relief,-1,"(1, 128, 128)"
synth_spec_0278,data\processed\spectrograms\synth_spec_0278.npy,rhythmic,deep_focus,0,"(1, 128, 128)"
synth_spec_0279,data\processed\spectrograms\synth_spec_0279.npy,ambient,deep_focus,0,"(1, 128, 128)"
synth_spec_0280,data\processed\spectrograms\synth_spec_0280.npy,high_energy,sleep_induction,-1,"(1, 128, 128)"
synth_spec_0281,data\processed\spectrograms\synth_spec_0281.npy,ambient,anxiety_relief,1,"(1, 128, 128)"
synth_spec_0282,data\processed\spectrograms\synth_spec_0282.npy,rhythmic,anxiety_relief,-1,"(1, 128, 128)"
synth_spec_0283,data\processed\spectrograms\synth_spec_0283.npy,binaural,anxiety_relief,0,"(1, 128, 128)"
synth_spec_0284,data\processed\spectrograms\synth_spec_0284.npy,binaural,sleep_induction,0,"(1, 128, 128)"
synth_spec_0285,data\processed\spectrograms\synth_spec_0285.npy,rhythmic,anxiety_relief,-1,"(1, 128, 128)"
synth_spec_0286,data\processed\spectrograms\synth_spec_0286.npy,rhythmic,sleep_induction,-1,"(1, 128, 128)"
synth_spec_0287,data\processed\spectrograms\synth_spec_0287.npy,high_energy,sleep_induction,-1,"(1, 128, 128)"
synth_spec_0288,data\processed\spectrograms\synth_spec_0288.npy,ambient,anxiety_relief,1,"(1, 128, 128)"
synth_spec_0289,data\processed\spectrograms\synth_spec_0289.npy,ambient,mood_uplift,0,"(1, 128, 128)"
synth_spec_0290,data\processed\spectrograms\synth_spec_0290.npy,rhythmic,mood_uplift,1,"(1, 128, 128)"
synth_spec_0291,data\processed\spectrograms\synth_spec_0291.npy,ambient,sleep_induction,1,"(1, 128, 128)"
synth_spec_0292,data\processed\spectrograms\synth_spec_0292.npy,rhythmic,sleep_induction,-1,"(1, 128, 128)"
synth_spec_0293,data\processed\spectrograms\synth_spec_0293.npy,ambient,mood_uplift,0,"(1, 128, 128)"
synth_spec_0294,data\processed\spectrograms\synth_spec_0294.npy,binaural,sleep_induction,0,"(1, 128, 128)"
synth_spec_0295,data\processed\spectrograms\synth_spec_0295.npy,rhythmic,mood_uplift,1,"(1, 128, 128)"
synth_spec_0296,data\processed\spectrograms\synth_spec_0296.npy,ambient,sleep_induction,1,"(1, 128, 128)"
synth_spec_0297,data\processed\spectrograms\synth_spec_0297.npy,rhythmic,sleep_induction,-1,"(1, 128, 128)"
synth_spec_0298,data\processed\spectrograms\synth_spec_0298.npy,rhythmic,mood_uplift,1,"(1, 128, 128)"
synth_spec_0299,data\processed\spectrograms\synth_spec_0299.npy,rhythmic,mood_uplift,1,"(1, 128, 128)"
synth_spec_0300,data\processed\spectrograms\synth_spec_0300.npy,rhythmic,sleep_induction,-1,"(1, 128, 128)"
synth_spec_0301,data\processed\spectrograms\synth_spec_0301.npy,rhythmic,grief_processing,0,"(1, 128, 128)"
synth_spec_0302,data\processed\spectrograms\synth_spec_0302.npy,high_energy,anxiety_relief,-1,"(1, 128, 128)"
synth_spec_0303,data\processed\spectrograms\synth_spec_0303.npy,rhythmic,anxiety_relief,-1,"(1, 128, 128)"
synth_spec_0304,data\processed\spectrograms\synth_spec_0304.npy,high_energy,anxiety_relief,-1,"(1, 128, 128)"
synth_spec_0305,data\processed\spectrograms\synth_spec_0305.npy,ambient,mood_uplift,0,"(1, 128, 128)"
synth_spec_0306,data\processed\spectrograms\synth_spec_0306.npy,rhythmic,anxiety_relief,-1,"(1, 128, 128)"
synth_spec_0307,data\processed\spectrograms\synth_spec_0307.npy,rhythmic,sleep_induction,-1,"(1, 128, 128)"
synth_spec_0308,data\processed\spectrograms\synth_spec_0308.npy,high_energy,sleep_induction,-1,"(1, 128, 128)"
synth_spec_0309,data\processed\spectrograms\synth_spec_0309.npy,binaural,anxiety_relief,0,"(1, 128, 128)"
synth_spec_0310,data\processed\spectrograms\synth_spec_0310.npy,high_energy,mood_uplift,0,"(1, 128, 128)"
synth_spec_0311,data\processed\spectrograms\synth_spec_0311.npy,high_energy,sleep_induction,-1,"(1, 128, 128)"
synth_spec_0312,data\processed\spectrograms\synth_spec_0312.npy,ambient,anxiety_relief,1,"(1, 128, 128)"
synth_spec_0313,data\processed\spectrograms\synth_spec_0313.npy,rhythmic,anxiety_relief,-1,"(1, 128, 128)"
synth_spec_0314,data\processed\spectrograms\synth_spec_0314.npy,rhythmic,grief_processing,0,"(1, 128, 128)"
synth_spec_0315,data\processed\spectrograms\synth_spec_0315.npy,rhythmic,sleep_induction,-1,"(1, 128, 128)"
synth_spec_0316,data\processed\spectrograms\synth_spec_0316.npy,rhythmic,anxiety_relief,-1,"(1, 128, 128)"
synth_spec_0317,data\processed\spectrograms\synth_spec_0317.npy,rhythmic,anxiety_relief,-1,"(1, 128, 128)"
synth_spec_0318,data\processed\spectrograms\synth_spec_0318.npy,high_energy,deep_focus,0,"(1, 128, 128)"
synth_spec_0319,data\processed\spectrograms\synth_spec_0319.npy,binaural,mood_uplift,0,"(1, 128, 128)"
synth_spec_0320,data\processed\spectrograms\synth_spec_0320.npy,binaural,sleep_induction,0,"(1, 128, 128)"
synth_spec_0321,data\processed\spectrograms\synth_spec_0321.npy,binaural,sleep_induction,-1,"(1, 128, 128)"
synth_spec_0322,data\processed\spectrograms\synth_spec_0322.npy,rhythmic,anxiety_relief,-1,"(1, 128, 128)"
synth_spec_0323,data\processed\spectrograms\synth_spec_0323.npy,binaural,sleep_induction,0,"(1, 128, 128)"
synth_spec_0324,data\processed\spectrograms\synth_spec_0324.npy,ambient,anxiety_relief,1,"(1, 128, 128)"
synth_spec_0325,data\processed\spectrograms\synth_spec_0325.npy,rhythmic,grief_processing,0,"(1, 128, 128)"
synth_spec_0326,data\processed\spectrograms\synth_spec_0326.npy,rhythmic,sleep_induction,-1,"(1, 128, 128)"
synth_spec_0327,data\processed\spectrograms\synth_spec_0327.npy,high_energy,grief_processing,0,"(1, 128, 128)"
synth_spec_0328,data\processed\spectrograms\synth_spec_0328.npy,rhythmic,mood_uplift,1,"(1, 128, 128)"
synth_spec_0329,data\processed\spectrograms\synth_spec_0329.npy,rhythmic,mood_uplift,1,"(1, 128, 128)"
synth_spec_0330,data\processed\spectrograms\synth_spec_0330.npy,ambient,mood_uplift,0,"(1, 128, 128)"
synth_spec_0331,data\processed\spectrograms\synth_spec_0331.npy,rhythmic,anxiety_relief,-1,"(1, 128, 128)"
synth_spec_0332,data\processed\spectrograms\synth_spec_0332.npy,ambient,mood_uplift,0,"(1, 128, 128)"
synth_spec_0333,data\processed\spectrograms\synth_spec_0333.npy,ambient,anxiety_relief,1,"(1, 128, 128)"
synth_spec_0334,data\processed\spectrograms\synth_spec_0334.npy,high_energy,deep_focus,0,"(1, 128, 128)"
synth_spec_0335,data\processed\spectrograms\synth_spec_0335.npy,ambient,anxiety_relief,1,"(1, 128, 128)"
synth_spec_0336,data\processed\spectrograms\synth_spec_0336.npy,ambient,anxiety_relief,1,"(1, 128, 128)"
synth_spec_0337,data\processed\spectrograms\synth_spec_0337.npy,rhythmic,deep_focus,0,"(1, 128, 128)"
synth_spec_0338,data\processed\spectrograms\synth_spec_0338.npy,rhythmic,anxiety_relief,-1,"(1, 128, 128)"
synth_spec_0339,data\processed\spectrograms\synth_spec_0339.npy,ambient,sleep_induction,1,"(1, 128, 128)"
synth_spec_0340,data\processed\spectrograms\synth_spec_0340.npy,ambient,sleep_induction,1,"(1, 128, 128)"
synth_spec_0341,data\processed\spectrograms\synth_spec_0341.npy,rhythmic,anxiety_relief,-1,"(1, 128, 128)"
synth_spec_0342,data\processed\spectrograms\synth_spec_0342.npy,rhythmic,grief_processing,0,"(1, 128, 128)"
synth_spec_0343,data\processed\spectrograms\synth_spec_0343.npy,rhythmic,deep_focus,0,"(1, 128, 128)"
synth_spec_0344,data\processed\spectrograms\synth_spec_0344.npy,rhythmic,deep_focus,0,"(1, 128, 128)"
synth_spec_0345,data\processed\spectrograms\synth_spec_0345.npy,rhythmic,anxiety_relief,-1,"(1, 128, 128)"
synth_spec_0346,data\processed\spectrograms\synth_spec_0346.npy,high_energy,deep_focus,0,"(1, 128, 128)"
synth_spec_0347,data\processed\spectrograms\synth_spec_0347.npy,rhythmic,deep_focus,0,"(1, 128, 128)"
synth_spec_0348,data\processed\spectrograms\synth_spec_0348.npy,rhythmic,grief_processing,0,"(1, 128, 128)"
synth_spec_0349,data\processed\spectrograms\synth_spec_0349.npy,binaural,sleep_induction,0,"(1, 128, 128)"
synth_spec_0350,data\processed\spectrograms\synth_spec_0350.npy,rhythmic,anxiety_relief,-1,"(1, 128, 128)"
synth_spec_0351,data\processed\spectrograms\synth_spec_0351.npy,rhythmic,mood_uplift,1,"(1, 128, 128)"
synth_spec_0352,data\processed\spectrograms\synth_spec_0352.npy,rhythmic,sleep_induction,-1,"(1, 128, 128)"
synth_spec_0353,data\processed\spectrograms\synth_spec_0353.npy,high_energy,anxiety_relief,-1,"(1, 128, 128)"
synth_spec_0354,data\processed\spectrograms\synth_spec_0354.npy,rhythmic,sleep_induction,-1,"(1, 128, 128)"
synth_spec_0355,data\processed\spectrograms\synth_spec_0355.npy,high_energy,anxiety_relief,-1,"(1, 128, 128)"
synth_spec_0356,data\processed\spectrograms\synth_spec_0356.npy,ambient,anxiety_relief,1,"(1, 128, 128)"
synth_spec_0357,data\processed\spectrograms\synth_spec_0357.npy,rhythmic,deep_focus,0,"(1, 128, 128)"
synth_spec_0358,data\processed\spectrograms\synth_spec_0358.npy,high_energy,anxiety_relief,-1,"(1, 128, 128)"
synth_spec_0359,data\processed\spectrograms\synth_spec_0359.npy,ambient,anxiety_relief,1,"(1, 128, 128)"
synth_spec_0360,data\processed\spectrograms\synth_spec_0360.npy,ambient,sleep_induction,1,"(1, 128, 128)"
synth_spec_0361,data\processed\spectrograms\synth_spec_0361.npy,ambient,deep_focus,0,"(1, 128, 128)"
synth_spec_0362,data\processed\spectrograms\synth_spec_0362.npy,rhythmic,anxiety_relief,-1,"(1, 128, 128)"
synth_spec_0363,data\processed\spectrograms\synth_spec_0363.npy,binaural,mood_uplift,0,"(1, 128, 128)"
synth_spec_0364,data\processed\spectrograms\synth_spec_0364.npy,ambient,mood_uplift,0,"(1, 128, 128)"
synth_spec_0365,data\processed\spectrograms\synth_spec_0365.npy,ambient,grief_processing,1,"(1, 128, 128)"
synth_spec_0366,data\processed\spectrograms\synth_spec_0366.npy,rhythmic,sleep_induction,-1,"(1, 128, 128)"
synth_spec_0367,data\processed\spectrograms\synth_spec_0367.npy,rhythmic,sleep_induction,-1,"(1, 128, 128)"
synth_spec_0368,data\processed\spectrograms\synth_spec_0368.npy,rhythmic,deep_focus,0,"(1, 128, 128)"
synth_spec_0369,data\processed\spectrograms\synth_spec_0369.npy,high_energy,sleep_induction,-1,"(1, 128, 128)"
synth_spec_0370,data\processed\spectrograms\synth_spec_0370.npy,high_energy,anxiety_relief,-1,"(1, 128, 128)"
synth_spec_0371,data\processed\spectrograms\synth_spec_0371.npy,binaural,mood_uplift,0,"(1, 128, 128)"
synth_spec_0372,data\processed\spectrograms\synth_spec_0372.npy,rhythmic,anxiety_relief,-1,"(1, 128, 128)"
synth_spec_0373,data\processed\spectrograms\synth_spec_0373.npy,rhythmic,anxiety_relief,-1,"(1, 128, 128)"
synth_spec_0374,data\processed\spectrograms\synth_spec_0374.npy,binaural,sleep_induction,0,"(1, 128, 128)"
synth_spec_0375,data\processed\spectrograms\synth_spec_0375.npy,ambient,deep_focus,0,"(1, 128, 128)"
synth_spec_0376,data\processed\spectrograms\synth_spec_0376.npy,binaural,anxiety_relief,0,"(1, 128, 128)"
synth_spec_0377,data\processed\spectrograms\synth_spec_0377.npy,high_energy,sleep_induction,-1,"(1, 128, 128)"
synth_spec_0378,data\processed\spectrograms\synth_spec_0378.npy,rhythmic,sleep_induction,-1,"(1, 128, 128)"
synth_spec_0379,data\processed\spectrograms\synth_spec_0379.npy,rhythmic,sleep_induction,-1,"(1, 128, 128)"
synth_spec_0380,data\processed\spectrograms\synth_spec_0380.npy,binaural,grief_processing,0,"(1, 128, 128)"
synth_spec_0381,data\processed\spectrograms\synth_spec_0381.npy,binaural,sleep_induction,0,"(1, 128, 128)"
synth_spec_0382,data\processed\spectrograms\synth_spec_0382.npy,rhythmic,deep_focus,0,"(1, 128, 128)"
synth_spec_0383,data\processed\spectrograms\synth_spec_0383.npy,ambient,mood_uplift,0,"(1, 128, 128)"
synth_spec_0384,data\processed\spectrograms\synth_spec_0384.npy,rhythmic,anxiety_relief,-1,"(1, 128, 128)"
synth_spec_0385,data\processed\spectrograms\synth_spec_0385.npy,rhythmic,anxiety_relief,-1,"(1, 128, 128)"
synth_spec_0386,data\processed\spectrograms\synth_spec_0386.npy,rhythmic,grief_processing,0,"(1, 128, 128)"
synth_spec_0387,data\processed\spectrograms\synth_spec_0387.npy,ambient,deep_focus,0,"(1, 128, 128)"
synth_spec_0388,data\processed\spectrograms\synth_spec_0388.npy,rhythmic,mood_uplift,1,"(1, 128, 128)"
synth_spec_0389,data\processed\spectrograms\synth_spec_0389.npy,rhythmic,deep_focus,0,"(1, 128, 128)"
synth_spec_0390,data\processed\spectrograms\synth_spec_0390.npy,ambient,sleep_induction,1,"(1, 128, 128)"
synth_spec_0391,data\processed\spectrograms\synth_spec_0391.npy,ambient,anxiety_relief,1,"(1, 128, 128)"
synth_spec_0392,data\processed\spectrograms\synth_spec_0392.npy,ambient,mood_uplift,0,"(1, 128, 128)"
synth_spec_0393,data\processed\spectrograms\synth_spec_0393.npy,binaural,deep_focus,1,"(1, 128, 128)"
synth_spec_0394,data\processed\spectrograms\synth_spec_0394.npy,rhythmic,sleep_induction,-1,"(1, 128, 128)"
synth_spec_0395,data\processed\spectrograms\synth_spec_0395.npy,ambient,mood_uplift,0,"(1, 128, 128)"
synth_spec_0396,data\processed\spectrograms\synth_spec_0396.npy,ambient,deep_focus,0,"(1, 128, 128)"
synth_spec_0397,data\processed\spectrograms\synth_spec_0397.npy,ambient,anxiety_relief,1,"(1, 128, 128)"
synth_spec_0398,data\processed\spectrograms\synth_spec_0398.npy,rhythmic,sleep_induction,-1,"(1, 128, 128)"
synth_spec_0399,data\processed\spectrograms\synth_spec_0399.npy,rhythmic,sleep_induction,-1,"(1, 128, 128)"
synth_spec_0400,data\processed\spectrograms\synth_spec_0400.npy,high_energy,deep_focus,0,"(1, 128, 128)"
synth_spec_0401,data\processed\spectrograms\synth_spec_0401.npy,high_energy,grief_processing,0,"(1, 128, 128)"
synth_spec_0402,data\processed\spectrograms\synth_spec_0402.npy,binaural,deep_focus,1,"(1, 128, 128)"
synth_spec_0403,data\processed\spectrograms\synth_spec_0403.npy,rhythmic,sleep_induction,-1,"(1, 128, 128)"
synth_spec_0404,data\processed\spectrograms\synth_spec_0404.npy,ambient,deep_focus,0,"(1, 128, 128)"
synth_spec_0405,data\processed\spectrograms\synth_spec_0405.npy,binaural,anxiety_relief,0,"(1, 128, 128)"
synth_spec_0406,data\processed\spectrograms\synth_spec_0406.npy,rhythmic,grief_processing,0,"(1, 128, 128)"
synth_spec_0407,data\processed\spectrograms\synth_spec_0407.npy,high_energy,mood_uplift,0,"(1, 128, 128)"
synth_spec_0408,data\processed\spectrograms\synth_spec_0408.npy,binaural,anxiety_relief,0,"(1, 128, 128)"
synth_spec_0409,data\processed\spectrograms\synth_spec_0409.npy,rhythmic,anxiety_relief,-1,"(1, 128, 128)"
synth_spec_0410,data\processed\spectrograms\synth_spec_0410.npy,binaural,sleep_induction,0,"(1, 128, 128)"
synth_spec_0411,data\processed\spectrograms\synth_spec_0411.npy,rhythmic,deep_focus,0,"(1, 128, 128)"
synth_spec_0412,data\processed\spectrograms\synth_spec_0412.npy,ambient,deep_focus,0,"(1, 128, 128)"
synth_spec_0413,data\processed\spectrograms\synth_spec_0413.npy,rhythmic,anxiety_relief,-1,"(1, 128, 128)"
synth_spec_0414,data\processed\spectrograms\synth_spec_0414.npy,rhythmic,anxiety_relief,-1,"(1, 128, 128)"
synth_spec_0415,data\processed\spectrograms\synth_spec_0415.npy,rhythmic,deep_focus,0,"(1, 128, 128)"
synth_spec_0416,data\processed\spectrograms\synth_spec_0416.npy,binaural,mood_uplift,0,"(1, 128, 128)"
synth_spec_0417,data\processed\spectrograms\synth_spec_0417.npy,rhythmic,mood_uplift,1,"(1, 128, 128)"
synth_spec_0418,data\processed\spectrograms\synth_spec_0418.npy,binaural,sleep_induction,0,"(1, 128, 128)"
synth_spec_0419,data\processed\spectrograms\synth_spec_0419.npy,high_energy,sleep_induction,-1,"(1, 128, 128)"
synth_spec_0420,data\processed\spectrograms\synth_spec_0420.npy,high_energy,grief_processing,0,"(1, 128, 128)"
synth_spec_0421,data\processed\spectrograms\synth_spec_0421.npy,rhythmic,sleep_induction,-1,"(1, 128, 128)"
synth_spec_0422,data\processed\spectrograms\synth_spec_0422.npy,high_energy,sleep_induction,-1,"(1, 128, 128)"
synth_spec_0423,data\processed\spectrograms\synth_spec_0423.npy,rhythmic,grief_processing,0,"(1, 128, 128)"
synth_spec_0424,data\processed\spectrograms\synth_spec_0424.npy,rhythmic,sleep_induction,-1,"(1, 128, 128)"
synth_spec_0425,data\processed\spectrograms\synth_spec_0425.npy,binaural,anxiety_relief,0,"(1, 128, 128)"
synth_spec_0426,data\processed\spectrograms\synth_spec_0426.npy,high_energy,sleep_induction,-1,"(1, 128, 128)"
synth_spec_0427,data\processed\spectrograms\synth_spec_0427.npy,rhythmic,sleep_induction,-1,"(1, 128, 128)"
synth_spec_0428,data\processed\spectrograms\synth_spec_0428.npy,rhythmic,deep_focus,0,"(1, 128, 128)"
synth_spec_0429,data\processed\spectrograms\synth_spec_0429.npy,high_energy,mood_uplift,0,"(1, 128, 128)"
synth_spec_0430,data\processed\spectrograms\synth_spec_0430.npy,rhythmic,deep_focus,0,"(1, 128, 128)"
synth_spec_0431,data\processed\spectrograms\synth_spec_0431.npy,rhythmic,anxiety_relief,-1,"(1, 128, 128)"
synth_spec_0432,data\processed\spectrograms\synth_spec_0432.npy,binaural,grief_processing,0,"(1, 128, 128)"
synth_spec_0433,data\processed\spectrograms\synth_spec_0433.npy,rhythmic,anxiety_relief,-1,"(1, 128, 128)"
synth_spec_0434,data\processed\spectrograms\synth_spec_0434.npy,rhythmic,sleep_induction,-1,"(1, 128, 128)"
synth_spec_0435,data\processed\spectrograms\synth_spec_0435.npy,high_energy,mood_uplift,0,"(1, 128, 128)"
synth_spec_0436,data\processed\spectrograms\synth_spec_0436.npy,binaural,mood_uplift,0,"(1, 128, 128)"
synth_spec_0437,data\processed\spectrograms\synth_spec_0437.npy,ambient,sleep_induction,1,"(1, 128, 128)"
synth_spec_0438,data\processed\spectrograms\synth_spec_0438.npy,binaural,deep_focus,1,"(1, 128, 128)"
synth_spec_0439,data\processed\spectrograms\synth_spec_0439.npy,high_energy,anxiety_relief,-1,"(1, 128, 128)"
synth_spec_0440,data\processed\spectrograms\synth_spec_0440.npy,high_energy,sleep_induction,-1,"(1, 128, 128)"
synth_spec_0441,data\processed\spectrograms\synth_spec_0441.npy,rhythmic,grief_processing,0,"(1, 128, 128)"
synth_spec_0442,data\processed\spectrograms\synth_spec_0442.npy,rhythmic,mood_uplift,1,"(1, 128, 128)"
synth_spec_0443,data\processed\spectrograms\synth_spec_0443.npy,ambient,anxiety_relief,1,"(1, 128, 128)"
synth_spec_0444,data\processed\spectrograms\synth_spec_0444.npy,binaural,anxiety_relief,0,"(1, 128, 128)"
synth_spec_0445,data\processed\spectrograms\synth_spec_0445.npy,binaural,grief_processing,0,"(1, 128, 128)"
synth_spec_0446,data\processed\spectrograms\synth_spec_0446.npy,ambient,sleep_induction,1,"(1, 128, 128)"
synth_spec_0447,data\processed\spectrograms\synth_spec_0447.npy,binaural,sleep_induction,0,"(1, 128, 128)"
synth_spec_0448,data\processed\spectrograms\synth_spec_0448.npy,rhythmic,deep_focus,0,"(1, 128, 128)"
synth_spec_0449,data\processed\spectrograms\synth_spec_0449.npy,high_energy,sleep_induction,-1,"(1, 128, 128)"
synth_spec_0450,data\processed\spectrograms\synth_spec_0450.npy,rhythmic,deep_focus,0,"(1, 128, 128)"
synth_spec_0451,data\processed\spectrograms\synth_spec_0451.npy,binaural,mood_uplift,0,"(1, 128, 128)"
synth_spec_0452,data\processed\spectrograms\synth_spec_0452.npy,ambient,sleep_induction,1,"(1, 128, 128)"
synth_spec_0453,data\processed\spectrograms\synth_spec_0453.npy,rhythmic,sleep_induction,-1,"(1, 128, 128)"
synth_spec_0454,data\processed\spectrograms\synth_spec_0454.npy,ambient,anxiety_relief,1,"(1, 128, 128)"
synth_spec_0455,data\processed\spectrograms\synth_spec_0455.npy,ambient,anxiety_relief,1,"(1, 128, 128)"
synth_spec_0456,data\processed\spectrograms\synth_spec_0456.npy,rhythmic,grief_processing,0,"(1, 128, 128)"
synth_spec_0457,data\processed\spectrograms\synth_spec_0457.npy,high_energy,sleep_induction,-1,"(1, 128, 128)"
synth_spec_0458,data\processed\spectrograms\synth_spec_0458.npy,binaural,mood_uplift,0,"(1, 128, 128)"
synth_spec_0459,data\processed\spectrograms\synth_spec_0459.npy,binaural,anxiety_relief,0,"(1, 128, 128)"
synth_spec_0460,data\processed\spectrograms\synth_spec_0460.npy,rhythmic,anxiety_relief,-1,"(1, 128, 128)"
synth_spec_0461,data\processed\spectrograms\synth_spec_0461.npy,ambient,grief_processing,0,"(1, 128, 128)"
synth_spec_0462,data\processed\spectrograms\synth_spec_0462.npy,high_energy,grief_processing,0,"(1, 128, 128)"
synth_spec_0463,data\processed\spectrograms\synth_spec_0463.npy,high_energy,mood_uplift,0,"(1, 128, 128)"
synth_spec_0464,data\processed\spectrograms\synth_spec_0464.npy,high_energy,mood_uplift,0,"(1, 128, 128)"
synth_spec_0465,data\processed\spectrograms\synth_spec_0465.npy,rhythmic,mood_uplift,1,"(1, 128, 128)"
synth_spec_0466,data\processed\spectrograms\synth_spec_0466.npy,rhythmic,anxiety_relief,-1,"(1, 128, 128)"
synth_spec_0467,data\processed\spectrograms\synth_spec_0467.npy,rhythmic,mood_uplift,1,"(1, 128, 128)"
synth_spec_0468,data\processed\spectrograms\synth_spec_0468.npy,binaural,grief_processing,0,"(1, 128, 128)"
synth_spec_0469,data\processed\spectrograms\synth_spec_0469.npy,rhythmic,anxiety_relief,-1,"(1, 128, 128)"
synth_spec_0470,data\processed\spectrograms\synth_spec_0470.npy,binaural,deep_focus,1,"(1, 128, 128)"
synth_spec_0471,data\processed\spectrograms\synth_spec_0471.npy,rhythmic,mood_uplift,1,"(1, 128, 128)"
synth_spec_0472,data\processed\spectrograms\synth_spec_0472.npy,rhythmic,deep_focus,0,"(1, 128, 128)"
synth_spec_0473,data\processed\spectrograms\synth_spec_0473.npy,rhythmic,sleep_induction,-1,"(1, 128, 128)"
synth_spec_0474,data\processed\spectrograms\synth_spec_0474.npy,rhythmic,mood_uplift,1,"(1, 128, 128)"
synth_spec_0475,data\processed\spectrograms\synth_spec_0475.npy,rhythmic,mood_uplift,1,"(1, 128, 128)"
synth_spec_0476,data\processed\spectrograms\synth_spec_0476.npy,rhythmic,sleep_induction,-1,"(1, 128, 128)"
synth_spec_0477,data\processed\spectrograms\synth_spec_0477.npy,ambient,sleep_induction,1,"(1, 128, 128)"
synth_spec_0478,data\processed\spectrograms\synth_spec_0478.npy,rhythmic,anxiety_relief,-1,"(1, 128, 128)"
synth_spec_0479,data\processed\spectrograms\synth_spec_0479.npy,rhythmic,sleep_induction,-1,"(1, 128, 128)"
synth_spec_0480,data\processed\spectrograms\synth_spec_0480.npy,binaural,sleep_induction,-1,"(1, 128, 128)"
synth_spec_0481,data\processed\spectrograms\synth_spec_0481.npy,binaural,mood_uplift,0,"(1, 128, 128)"
synth_spec_0482,data\processed\spectrograms\synth_spec_0482.npy,rhythmic,anxiety_relief,-1,"(1, 128, 128)"
synth_spec_0483,data\processed\spectrograms\synth_spec_0483.npy,ambient,grief_processing,0,"(1, 128, 128)"
synth_spec_0484,data\processed\spectrograms\synth_spec_0484.npy,ambient,deep_focus,0,"(1, 128, 128)"
synth_spec_0485,data\processed\spectrograms\synth_spec_0485.npy,ambient,deep_focus,0,"(1, 128, 128)"
synth_spec_0486,data\processed\spectrograms\synth_spec_0486.npy,high_energy,mood_uplift,0,"(1, 128, 128)"
synth_spec_0487,data\processed\spectrograms\synth_spec_0487.npy,ambient,deep_focus,0,"(1, 128, 128)"
synth_spec_0488,data\processed\spectrograms\synth_spec_0488.npy,binaural,deep_focus,1,"(1, 128, 128)"
synth_spec_0489,data\processed\spectrograms\synth_spec_0489.npy,ambient,anxiety_relief,1,"(1, 128, 128)"
synth_spec_0490,data\processed\spectrograms\synth_spec_0490.npy,rhythmic,anxiety_relief,-1,"(1, 128, 128)"
synth_spec_0491,data\processed\spectrograms\synth_spec_0491.npy,ambient,mood_uplift,0,"(1, 128, 128)"
synth_spec_0492,data\processed\spectrograms\synth_spec_0492.npy,rhythmic,deep_focus,0,"(1, 128, 128)"
synth_spec_0493,data\processed\spectrograms\synth_spec_0493.npy,high_energy,mood_uplift,0,"(1, 128, 128)"
synth_spec_0494,data\processed\spectrograms\synth_spec_0494.npy,rhythmic,deep_focus,0,"(1, 128, 128)"
synth_spec_0495,data\processed\spectrograms\synth_spec_0495.npy,rhythmic,sleep_induction,-1,"(1, 128, 128)"
synth_spec_0496,data\processed\spectrograms\synth_spec_0496.npy,rhythmic,sleep_induction,-1,"(1, 128, 128)"
synth_spec_0497,data\processed\spectrograms\synth_spec_0497.npy,binaural,sleep_induction,0,"(1, 128, 128)"
synth_spec_0498,data\processed\spectrograms\synth_spec_0498.npy,rhythmic,anxiety_relief,-1,"(1, 128, 128)"
synth_spec_0499,data\processed\spectrograms\synth_spec_0499.npy,binaural,sleep_induction,0,"(1, 128, 128)"
