user_id,age_band,primary_intent,baseline_mood,has_sensitivity_flag
20199acd-62fa-4345-af96-44118fe22623,25-34,anxiety_relief,32.7,False
41ff4a08-27d2-46b8-9044-357a34de1d3d,25-34,grief_processing,11.8,True
0cb6d1a7-d5bf-4a08-aa74-18903529b21e,35-44,anxiety_relief,28.5,False
43edca8e-d945-436e-a44c-ea514618b119,25-34,deep_focus,66.5,False
635552f3-4534-4718-a610-33c234427ea7,25-34,anxiety_relief,25.8,False
d8254ea5-8e2d-4828-9d81-6d55161e4d2d,55+,sleep_induction,19.8,False
bb5bb33d-8b67-4b8b-97fc-3f4f6c3617e8,35-44,anxiety_relief,40.5,False
2d9499c1-b4dd-44ba-8440-c991f8c32eba,25-34,sleep_induction,33.8,False
410344ff-29f1-449e-85fa-b9760c8ff320,25-34,anxiety_relief,33.2,True
bd815657-79e0-433b-a12e-f4b1c7f285d0,18-24,anxiety_relief,20.0,False
55806c55-1ac1-47e5-927d-b0c1ae832ace,55+,anxiety_relief,7.4,False
f254bc5f-250a-43f7-973b-6191799c17dd,25-34,anxiety_relief,30.4,False
821c37d9-d28d-450c-ade9-4844d8b69d05,25-34,anxiety_relief,32.8,True
41424699-86ae-438c-9340-f35072df5365,18-24,mood_uplift,26.0,False
8d38da5a-d0d7-49cf-a53d-841c2bc26288,35-44,mood_uplift,19.8,False
5ecac4d3-8490-4c69-ae56-2005a2fc4de1,55+,sleep_induction,18.1,True
fc94af60-fdf6-4b71-ae40-d3604b2bd54a,35-44,sleep_induction,12.9,False
642ef038-30c6-497b-8dad-ca03e378b41f,55+,anxiety_relief,27.0,False
04aa6794-39e1-48fb-8fb9-911c3a6b885b,35-44,mood_uplift,50.3,False
c6780eec-0ecb-4748-8cfb-935515d1163b,55+,grief_processing,22.2,False
ab298b1d-ec5f-403b-9cc2-fb92f87584ed,18-24,anxiety_relief,46.6,False
f04f196d-19b2-4e2c-b8a0-c0b382cdb8ad,25-34,anxiety_relief,43.6,False
1a7e0b21-37db-4b42-ba60-f4120806f339,45-54,deep_focus,5.7,False
60e12877-1dd5-4944-9655-16fe533ac96c,25-34,deep_focus,9.5,False
9dd0a473-d1e5-46a5-86aa-b5aee5e40691,35-44,deep_focus,20.5,False
0ac2921c-5abe-4c08-a4c7-7b8d161b7135,18-24,deep_focus,47.4,False
76f37ff2-7afd-4734-8781-69119c2d588d,25-34,anxiety_relief,26.2,False
934861b6-f726-43d0-8306-6eb6cfe62e9d,25-34,mood_uplift,24.4,False
e22d7757-7381-46b0-934b-57be80747ad6,25-34,mood_uplift,39.3,False
ed992828-8027-41ab-a491-19c90b4172cf,35-44,deep_focus,51.1,False
b8492ac7-29a2-45da-ab81-8842cd0b2190,18-24,deep_focus,9.5,False
d99d7b5c-446a-4488-aa77-a6902fdf02e4,35-44,mood_uplift,9.2,False
22cca654-1229-474a-8ca0-af2c514dbd61,25-34,mood_uplift,70.8,False
69f1337a-25c9-4067-9a0c-74c679df06a7,18-24,anxiety_relief,29.7,False
d437a201-6c1e-4761-9836-1c9592a5b839,18-24,sleep_induction,19.4,False
584c68ba-c230-4c9c-a99a-23badbf9655a,18-24,mood_uplift,32.5,False
13085133-0c9c-4b85-99c3-5c0cbfbcd4c0,45-54,anxiety_relief,22.1,False
a3c03224-7c48-48e4-9e6c-020a0cca7814,45-54,sleep_induction,50.0,False
268a1466-f16c-44af-b9d7-173936e11cc1,35-44,deep_focus,56.1,False
49b8a2c0-bfc4-4621-aa06-bbb9f0c5f0f7,35-44,sleep_induction,40.5,True
31b2274d-1495-4c19-bf77-92e3989f2c65,45-54,sleep_induction,19.0,False
f9f3ba07-fd51-4925-8166-7d3ea585b515,25-34,anxiety_relief,71.4,True
d4b4fe36-fdf2-42ef-b74b-4f36caf4c435,18-24,anxiety_relief,26.6,False
04a77266-1fa6-48e6-93ce-c0ac40db193d,45-54,sleep_induction,23.9,False
1258ec06-9ac8-4de0-aeec-19c3b60cd5bd,18-24,sleep_induction,7.6,False
cf015f01-8f82-4e02-8c9b-5b859dac5ea8,18-24,deep_focus,24.8,False
12f23aa4-4914-4814-8659-59572783cc67,45-54,sleep_induction,12.3,False
6e4a0876-dc02-49b0-899c-dfe589780e1d,55+,anxiety_relief,8.4,False
047ff94a-33c1-4d3e-a952-fa73a300646a,18-24,deep_focus,20.4,False
2d64e411-8045-4e05-b506-f1b240d30f8c,25-34,deep_focus,30.4,False
29953a06-61e8-41da-a0b4-3a7af5af6d34,35-44,anxiety_relief,53.8,False
eaceadc0-40ec-4759-8623-e363f2f19465,35-44,deep_focus,26.0,False
2e596ef8-9531-46cd-86cf-371e34e00191,35-44,mood_uplift,47.3,False
e5873547-72ac-47d7-9014-1030e26d202b,18-24,mood_uplift,18.8,False
a945b385-b72c-4029-8e32-a0c66dd28988,18-24,sleep_induction,22.5,False
b4947283-2932-40db-81a7-fe758cf5656c,18-24,sleep_induction,43.0,False
fb861638-3154-4c2e-8351-98e5eed06859,18-24,deep_focus,7.8,False
d8da64e1-2474-4e4d-820f-26790631f960,45-54,sleep_induction,10.5,False
b4ac53a0-8332-466f-9077-51d662ff6133,25-34,anxiety_relief,69.2,False
83431b9e-2f2e-4518-8281-86c6de30d1d2,25-34,deep_focus,14.8,False
08b78e09-f4e3-4fd9-8916-c54b1c358f11,55+,sleep_induction,37.4,False
72f9de10-800d-4ca1-8d75-e73a58d10caa,35-44,deep_focus,40.1,False
e6f239da-5ccc-49db-b0dd-d5ca3265f9ee,35-44,mood_uplift,5.3,False
2db09caa-8e05-40cd-bca8-555225ea7e1b,55+,deep_focus,15.9,False
15758936-575f-4cce-8f1e-06d4cd00b4b4,18-24,grief_processing,18.1,True
bfeaeec4-f39d-4bbf-9871-98cf1e9641dc,25-34,anxiety_relief,4.7,False
c59401b2-cd2f-4b7e-9fe1-a7b91f68c64e,25-34,deep_focus,7.8,True
a46eb4f6-a820-4463-9712-ccd807fff2bb,25-34,sleep_induction,43.0,False
46023492-4e5b-4c74-916f-9fa1811b524f,18-24,deep_focus,20.5,True
9911b53c-ef88-443d-b4d7-c6035857c2ba,45-54,anxiety_relief,39.1,False
54031091-3330-4a60-bc8d-12eb6072d164,35-44,anxiety_relief,5.2,False
5c247c53-d6d0-4d15-8a09-fb72a6f6b0c7,35-44,anxiety_relief,60.6,False
593c27b9-f5b3-4724-abbf-a3e1f0c8deb8,45-54,mood_uplift,44.7,False
fa2d301d-69f9-418e-92ce-e7c68eff2409,25-34,deep_focus,58.4,False
8ffb5d23-6962-40e8-84be-76c7af294e1f,18-24,deep_focus,32.9,False
3a1d38bd-f442-4269-8189-b84c2dbf6109,25-34,anxiety_relief,31.2,False
c8ec676d-cea6-4be0-b1f5-afdd49954148,18-24,anxiety_relief,29.9,False
02c2beba-50ca-44e0-b371-9462c5ca1c9e,18-24,deep_focus,6.1,True
02cd1140-f250-4c69-a1a5-ef26529b40b6,35-44,sleep_induction,26.5,True
18b6e2cd-72a2-4f6c-965e-2b6fdcb9fb47,18-24,sleep_induction,26.4,True
1e90e6c0-b879-4817-bf61-b302954cb365,25-34,mood_uplift,5.8,False
af3ee170-b22f-4f23-9b6d-ea2729e865bd,25-34,anxiety_relief,27.0,True
23201231-53f2-4cdb-a8fe-e1e521bc94a2,45-54,sleep_induction,47.1,False
b5112a20-9c4c-451b-8e6b-0f355b970141,45-54,deep_focus,42.6,False
5a8cd516-a2a2-46d6-9561-6aa7951ede34,55+,anxiety_relief,39.4,False
241002c6-3d30-4267-b83a-3cfbb909e397,18-24,anxiety_relief,53.9,False
12c6f988-5263-4368-8b66-65dd6f90d12a,45-54,anxiety_relief,57.3,False
ed328f38-f659-4fbe-9603-4981a6ac4887,25-34,sleep_induction,33.0,False
e6219be2-487d-4591-a0fd-151b5f91e345,18-24,grief_processing,51.9,False
9cc669a2-717f-4567-a6c2-0ac893ec34df,18-24,mood_uplift,36.8,False
594ef09c-3c92-4930-95ec-12a4ff75772f,35-44,deep_focus,53.4,True
836e2dcd-bd5d-4f86-9a9b-2ead1001f46c,25-34,deep_focus,6.5,False
2e9fdd23-1205-4478-b442-cb5361f4d0cf,25-34,anxiety_relief,37.5,False
acca1747-5a30-4bba-8873-963adf489779,25-34,deep_focus,31.1,True
a00ad83d-e2eb-40d9-8f37-5e63cf506bd8,45-54,sleep_induction,16.6,False
c64949dd-f1dc-403f-8dac-c68cf0c73b89,18-24,anxiety_relief,50.7,False
24db984f-20e8-4b89-83a4-600cd8d5c47d,18-24,mood_uplift,21.2,True
2d8d1cd1-dd5e-4a05-b17c-8aef32d24317,25-34,sleep_induction,49.7,False
af422e24-9950-4f7f-88e0-92f39023666d,35-44,sleep_induction,17.4,False
9368208d-6219-4ae0-bef9-001ead3e7b23,35-44,anxiety_relief,55.2,False
69ffdbc7-fb7a-48a2-83c7-60742c357071,18-24,anxiety_relief,27.3,False
f4ca5872-c724-49de-978d-de48650a74cf,18-24,deep_focus,33.9,False
f11b52b0-5380-4a8d-aafa-606cc315e0ec,25-34,sleep_induction,52.6,False
9be2ba15-0e68-4887-8971-28a4741aed69,25-34,sleep_induction,66.5,True
978883fd-ca45-447c-a335-e5c9016ea9a8,35-44,anxiety_relief,39.9,False
1b1057bc-aa4a-4fe1-9aa0-c6a53fa28bd0,25-34,anxiety_relief,17.5,False
8681343d-dca5-4176-b44f-4be298ebb242,25-34,grief_processing,37.1,False
6afffe5d-5244-46d5-8830-c1949311945a,35-44,anxiety_relief,27.6,False
73dc9b65-518f-45ca-aa0d-3b2c92a69602,25-34,deep_focus,15.5,False
99478a0f-4141-4a22-98bb-250cb4195a9d,25-34,anxiety_relief,31.5,False
66c01064-2b5f-4b4f-a9a1-3c0d5d504d03,18-24,deep_focus,49.7,False
8ad1dc70-bfc2-4001-9e06-95ceb5b95e6a,35-44,deep_focus,23.4,False
ce7a15bb-0306-4ecc-a7a0-dd825ea3b9e9,25-34,sleep_induction,27.6,False
ff886b15-41cd-41f4-9873-6a017214597d,25-34,deep_focus,24.5,False
0f91330f-612d-4507-b3bd-6a486fe6fc3f,18-24,sleep_induction,17.9,False
a7fcae6c-e2c5-430e-98a9-1de77db61087,35-44,deep_focus,16.7,False
0141579a-11c8-4db2-98a1-8c6392c08f4b,25-34,mood_uplift,46.3,False
77141537-efaf-40e6-b09b-ab9833be51f6,35-44,mood_uplift,28.0,False
f6d9c6dc-d9e2-4080-a739-c871e1277750,35-44,grief_processing,21.3,False
d7b24691-aa66-4a9f-b640-a0f6f84ee315,45-54,sleep_induction,3.7,True
2ffe9c1e-2074-41cf-9084-f793d2fae9d1,25-34,anxiety_relief,32.3,False
11316df9-d470-4512-84cd-44144e9dc8eb,35-44,deep_focus,21.5,False
9f38a4dc-2fef-4cfe-9c19-41f2a1014132,45-54,deep_focus,4.4,False
05881c91-e76b-428d-b97f-5ada82f9e50e,35-44,sleep_induction,32.8,False
b626e1b6-51a4-4a49-982b-e5e904d009e5,25-34,anxiety_relief,60.2,False
22aa4f05-4c2f-4006-aa3d-274e4606973b,55+,sleep_induction,47.6,False
3ece2471-6983-408e-a3d3-d78e1ab4a07d,45-54,deep_focus,45.4,False
5290f7d1-7b9a-401b-999c-5bea3b65cfa1,25-34,anxiety_relief,57.4,False
e5ed9b85-9e04-4df9-a348-ac920720ed22,55+,mood_uplift,31.5,False
0c45f06b-5257-49fb-a72a-65c9b316fe7d,25-34,mood_uplift,38.1,True
67933a4f-8731-406f-a24d-3995198e6701,25-34,sleep_induction,58.8,False
02d0a65e-86b5-4ecd-8eab-92cc4b20db16,25-34,mood_uplift,28.6,False
31d1d8b5-78b1-4f50-ae1c-fae48627e3de,55+,mood_uplift,28.1,False
fcd3fc11-d98b-4eb2-ac3a-07ad7ba6162a,18-24,mood_uplift,14.8,False
5a74a6db-f946-432a-afa5-4a5f361e2559,25-34,sleep_induction,14.1,False
bd922bac-cc18-4a11-b1e4-97efa05fe5c6,35-44,deep_focus,42.1,False
16526c34-ab71-47df-a2cb-76146dc83040,55+,anxiety_relief,34.6,False
ca504a37-9871-4c04-adeb-5669ecf7c3da,45-54,mood_uplift,18.9,True
e134638d-205c-48c3-a0c1-b177f0a0e558,18-24,sleep_induction,68.0,False
c467605f-35c1-4a87-8ecc-d4002e4ce62d,18-24,sleep_induction,42.4,False
20257680-31fa-4115-8b5e-c8d1c4760299,18-24,sleep_induction,24.2,False
0e89eb76-d479-4368-aff1-0d7a458c5f5e,25-34,mood_uplift,10.0,False
42925884-f292-4d3f-bb6b-a9c9a6649d03,25-34,sleep_induction,30.1,True
e42ffecf-1804-427c-ba66-9e393fe45eb5,35-44,deep_focus,61.2,False
65bc84ef-473d-484e-827b-05f62cf2bfc3,25-34,sleep_induction,50.4,False
c8505344-516e-4d16-a39a-da55d795452f,55+,anxiety_relief,10.1,False
738ebebc-8c0c-4f53-8c27-798f318d5493,25-34,grief_processing,35.2,False
90371ce2-2296-4400-9859-1ae08cda2b74,18-24,anxiety_relief,11.6,False
becf7319-9c20-4b34-a543-688792aa1b3c,35-44,grief_processing,23.3,True
478c058f-371a-4aa9-966b-5291a7ce3644,18-24,sleep_induction,55.6,True
aecd5705-59ae-42d0-9b7b-fdffc6629f2f,35-44,anxiety_relief,27.6,False
50693876-1a56-4835-afd2-02615214121f,45-54,deep_focus,36.4,False
89d82558-f27a-4af9-82ec-9493adba4e9b,25-34,deep_focus,15.0,False
9f5d0279-8cf0-4ac4-bcc3-df833c0eee97,55+,deep_focus,40.1,True
2f7ed038-6fe1-449c-b016-1507b3a027fe,35-44,anxiety_relief,14.3,True
1e5896b2-bf3a-4f5f-a44c-1aa3049e7c26,35-44,deep_focus,23.3,False
e53534d1-20db-46f8-bd88-8755143715bd,25-34,mood_uplift,18.8,False
0fefed1c-ec85-46e8-8528-e59a66ff16f7,18-24,mood_uplift,33.0,False
c63887f2-4a8a-4584-a54b-d524417bda1f,18-24,sleep_induction,50.1,True
34db4cd3-1aec-4857-b29e-3d6a0ad5deb6,45-54,mood_uplift,2.2,False
d72522c6-10dd-4b20-81a6-61719c186e59,18-24,mood_uplift,43.1,False
6a183bda-a0bd-45c6-865c-0daeefead5b4,35-44,mood_uplift,57.3,True
45bc1620-f2a8-4447-b656-2095a4557dc8,18-24,mood_uplift,19.7,False
dae38aa3-8422-4cec-8327-dc4cf63ccce0,45-54,anxiety_relief,27.8,False
a3b14ba0-d2f3-484e-97b4-3fbf3b6065ab,25-34,sleep_induction,57.2,False
1bce9436-29ea-4169-849e-00e9d350cc8a,35-44,anxiety_relief,48.4,False
a8efac88-68cb-467b-b8a5-a7d5864c9ea9,25-34,mood_uplift,58.9,False
fa05b821-e8cf-44c2-9925-2a3bd0c8a936,18-24,mood_uplift,8.4,True
702c66b5-9a01-4f1f-a792-94df08720bf4,18-24,anxiety_relief,23.5,False
65b0859d-84e8-48e5-94a4-550ad2f5a38d,45-54,sleep_induction,39.0,True
31bdb6ac-f1fc-4eb7-a733-e43794de67bc,18-24,anxiety_relief,15.1,False
f2fad76c-ab78-44fe-a7a3-9f0b0d4b9b56,35-44,sleep_induction,49.0,False
c8ba0222-d5b3-43f4-a999-389d627d34ef,45-54,anxiety_relief,26.0,False
2bd5d583-ec14-48f9-a255-03204b4d9495,25-34,anxiety_relief,13.6,False
99603db0-0f59-468e-b88d-ed8331bcce8b,45-54,sleep_induction,40.2,False
f865f7fa-c669-4e58-b767-4419572f1675,18-24,sleep_induction,27.7,True
eeb7c34f-6e63-44ca-b34b-0d8274576fc8,18-24,sleep_induction,17.2,False
a35f2f03-daae-41e2-b6a0-babcfecd2df5,35-44,anxiety_relief,32.7,True
6439aba2-c654-405d-aec7-fda8c6f78575,25-34,deep_focus,11.8,False
03a36fd7-00e9-47af-81ed-68d98a9703f5,35-44,mood_uplift,19.0,False
a9c49bcd-6d7f-4037-bf14-49a003207046,25-34,anxiety_relief,34.6,False
8689c0f8-840a-433a-b1b9-57a244390d77,35-44,anxiety_relief,13.2,False
ef08396d-84d7-4fb9-88be-9470618cd05a,18-24,mood_uplift,35.2,True
950a0e62-5aa4-42e5-92c3-b78d6ca0f870,35-44,deep_focus,38.5,False
5a20f527-f2fc-408e-92a1-48b9667aa73b,25-34,sleep_induction,12.9,False
8576f6bf-487b-4870-8e80-b7c1e8a35879,25-34,anxiety_relief,31.0,False
0a117b54-192f-4986-8b3c-63f396591952,18-24,sleep_induction,33.0,False
512edd98-a88e-4bc1-ad27-2cc343c83230,18-24,sleep_induction,22.5,False
3da3ae3a-447e-43a4-b7b4-d32d86aba887,25-34,mood_uplift,51.9,True
b0b36e78-a6df-4a29-9dbb-dcd4fa3b33fd,25-34,mood_uplift,35.1,False
35ee8e71-4025-4ed7-85a3-ba913babb461,35-44,mood_uplift,27.8,False
dc8fa699-4478-40ae-a752-0bb0916da7b6,18-24,anxiety_relief,23.6,False
7731369d-78a5-40dd-805b-efdc13946502,35-44,sleep_induction,39.9,False
97ba4dc2-d722-4b20-bd05-3af6716ffcd4,25-34,mood_uplift,28.6,False
53618523-91d8-43be-bb42-58101efa1884,18-24,deep_focus,19.8,False
28ac1e9b-a3c1-4ceb-8cae-ca772b8e31f1,25-34,sleep_induction,21.5,False
6ca10e9b-eb82-40d4-b477-ea8cba0e3f4a,35-44,mood_uplift,39.4,False
72f5bf21-d5e9-47ec-a6d9-68e25d836742,35-44,anxiety_relief,36.4,False
f1872a08-4277-42fc-966e-619fcd4e1c4c,25-34,deep_focus,5.0,False
26f621a7-d509-478b-a9de-0047b770ff9b,35-44,sleep_induction,16.7,False
f1b890c2-f85e-44b3-81b0-237d2a3eda6a,35-44,anxiety_relief,73.6,False
f1849997-55e9-428a-9f6f-4730797779bf,45-54,deep_focus,30.1,False
26cdde4a-62e2-43c9-8963-0e8bd709564f,25-34,anxiety_relief,25.4,False
5ee18a49-282a-45cc-9139-c67ce8244e07,35-44,grief_processing,10.0,False
1cf5821e-55d4-488b-8556-0d7bc8ac1299,25-34,deep_focus,52.4,False
bfec80cb-3623-4687-865e-324aa362f5f2,35-44,deep_focus,6.3,False
f4cbcd69-cf48-4d8e-a2dd-01d1f7b68922,35-44,deep_focus,11.1,False
cfc02071-bc79-4654-8d16-8d57aaa38209,18-24,anxiety_relief,17.6,False
fce90c08-6d8c-4794-9cd7-524ac2d3c5d9,25-34,grief_processing,44.0,True
745737bb-d02c-47ee-a02d-3292e479e3e4,45-54,mood_uplift,5.7,True
b5cd2659-df01-4562-88e8-a97907928bd5,25-34,mood_uplift,48.9,False
289cdcf6-dd54-40b4-9546-f711da44327b,35-44,deep_focus,41.7,False
ec0b938e-1266-48f5-ab7a-ae413f03deb9,25-34,deep_focus,22.5,False
b6024f92-7253-4bef-9ae1-920c3cf25d09,35-44,grief_processing,64.0,False
68e01156-fd95-417d-90b9-c332b17361b0,35-44,anxiety_relief,11.0,False
e915d54d-fc1c-4435-8318-9c5b262ff8b3,25-34,mood_uplift,18.0,False
1110dbfc-5103-4794-ac1c-f7c366003806,25-34,anxiety_relief,68.9,False
752fddae-4de5-43b8-a553-befd1ec953f1,25-34,sleep_induction,30.3,True
aa1952cf-2681-4e2b-8fdc-4e7310a5fefc,35-44,deep_focus,2.2,False
fba139fc-17d8-49e5-bd01-931e5ff4a8c1,25-34,anxiety_relief,36.9,False
ded25a20-3918-4e86-9dc5-8909f9f74e1e,55+,mood_uplift,18.4,False
0d2999e4-ea3b-4c32-9241-3da23e7523b1,45-54,anxiety_relief,35.6,False
e4c78bba-72ea-4957-8711-cc09f041dee4,25-34,deep_focus,40.4,False
f18501ce-7296-4649-9706-5b002354892b,18-24,anxiety_relief,42.3,True
d71b1b7e-9132-4a4c-a82f-93119aa64a18,25-34,anxiety_relief,39.0,False
755cf1df-816d-41b2-b777-4b6bb7a787c6,25-34,sleep_induction,33.0,False
2f9d0223-be8d-43c7-9ace-50f385694ec1,35-44,deep_focus,40.1,False
78ef49d5-2d98-4d3e-86b6-001ba6ca5413,45-54,mood_uplift,43.4,False
d19ffc44-4f6b-4e9e-bf18-816af7e9cd50,25-34,deep_focus,12.2,False
35170e39-83ae-4990-bc82-de14cdaa2de2,25-34,sleep_induction,56.6,False
96348a28-b211-41dc-ba51-ed1ec329e064,45-54,mood_uplift,24.6,False
f05813b7-47f0-4280-846a-a3d267a7e508,55+,anxiety_relief,31.1,False
c075422d-a5b1-4d9d-a288-2604afaa59cc,25-34,anxiety_relief,23.9,False
91339c48-b4e4-4a32-b4c0-a2f0e60fc3ba,25-34,anxiety_relief,21.4,False
703a2a9e-d417-46bc-9ecb-db46c1b8c0bd,35-44,sleep_induction,46.5,False
ba19b140-a88b-4cb3-8a05-926b9381d2f2,25-34,mood_uplift,14.0,False
7a956431-81b7-4f60-b75b-c92296e29ca2,55+,deep_focus,43.7,True
22d0c0da-23cc-446f-aebf-5eef5608f222,25-34,sleep_induction,13.4,True
6a0fdedb-ae48-4b94-a572-86fe8303c215,25-34,anxiety_relief,19.5,True
b285912e-bcf5-4529-bc71-078c6c6d3b64,18-24,sleep_induction,16.0,False
89b04f33-6a11-4a8d-a4da-6a6fcf304d8b,25-34,sleep_induction,40.9,False
ba341099-8b5d-4c90-a8d6-7a4760ef2113,25-34,mood_uplift,54.1,True
705185f5-0541-4b36-be72-87211f05c6de,18-24,mood_uplift,58.1,False
8bc30954-bd75-4857-a81a-0d99d45de869,18-24,anxiety_relief,18.3,False
8f190582-032f-4684-aaea-81ff997785be,45-54,sleep_induction,44.0,False
98efd262-ddba-4743-9e71-ae90cecfd41c,35-44,deep_focus,69.0,False
779955f0-fb9f-41bb-8efc-70d14eb02939,25-34,grief_processing,57.3,False
ad617492-98a6-4de8-b373-5d81bab7b4b9,35-44,deep_focus,8.3,False
c504d6ff-f763-4e7d-b5c5-91c0d79244e8,25-34,anxiety_relief,56.4,False
892ab1e5-019f-4725-883a-e10c8ae47187,25-34,mood_uplift,15.8,False
3ed1f224-2a0c-4eec-94ca-5871af1ec7e1,35-44,deep_focus,25.0,False
a82fd07e-807f-40d3-b1ce-0c39c0e7991d,25-34,anxiety_relief,24.2,False
38370edb-ee93-4a3b-a540-c74a945e7023,18-24,anxiety_relief,8.6,True
af1171ac-6628-49e8-85f7-9c98f420145b,18-24,mood_uplift,68.4,False
f5a160b9-c73d-4709-9a32-8feb3fb1270f,35-44,anxiety_relief,9.0,False
d5b53670-8539-405b-b88f-51b81de5b65b,25-34,deep_focus,33.5,False
0617f59f-0fb5-4880-a2f5-8c1f8fbbf6fb,35-44,sleep_induction,26.3,True
f5280ed7-8010-4c66-bf0a-69a07f36b44e,18-24,sleep_induction,32.9,True
cf441451-249d-4fa0-b524-99461860a01e,25-34,anxiety_relief,51.4,True
78aa46d4-a9bf-4331-a625-c20acc0a1f23,18-24,deep_focus,40.0,True
996ee49c-a402-4623-b4c8-17d4fa8d25d2,35-44,deep_focus,31.8,False
3ab7a1c9-b88e-410e-a222-6d17ed6b2423,25-34,anxiety_relief,53.4,False
de70668b-1665-45fe-9729-f9946161ca33,45-54,sleep_induction,15.2,True
3e5b9ab9-8ae1-449f-a8c0-627a27c97bef,35-44,mood_uplift,34.6,False
7d769e77-33ae-4911-bfd8-765746052cf4,55+,anxiety_relief,57.7,False
b3b351fb-ef0b-4e35-af29-1710c8e5fc71,18-24,grief_processing,21.2,False
b94dc90e-9d0b-440e-b121-94a35c1ce8b2,25-34,mood_uplift,43.7,False
7a1b7620-9b9b-4593-b06c-6b385013bd45,25-34,grief_processing,24.6,False
ec377628-5eba-49de-8a3e-4818b744664c,35-44,sleep_induction,37.3,False
3de39684-d097-4531-a784-a00882ad88f1,35-44,deep_focus,32.3,False
c6f0b1a5-ffe6-4435-acc5-32913a4bf04e,35-44,sleep_induction,33.9,False
3e30f97c-ade4-44dd-8280-a3e08955baa9,35-44,sleep_induction,15.6,False
ed089199-39df-4a66-967b-137c0434067a,25-34,anxiety_relief,1.8,False
7b42ce8a-8c50-4956-8100-94bc8be93a98,18-24,deep_focus,58.5,False
d0cacc6a-7c3e-4fe9-954d-81367f097f2f,25-34,deep_focus,29.7,False
bd81b324-93b3-4e14-83b2-b92a8629e5c6,18-24,grief_processing,13.8,False
1e72e92f-ff0d-44e5-9df5-fdd20761b75e,18-24,anxiety_relief,35.1,False
fa87f6bc-400b-441f-95c5-1743a707899c,55+,deep_focus,51.3,False
d33e8750-cb21-404e-9f6c-077955764576,45-54,anxiety_relief,27.0,False
6f2527f7-d8cd-4b50-bafc-6c1295efb2d6,18-24,mood_uplift,27.8,False
08ab4bc5-1bc4-4dc9-8c70-fad3e61bfe7b,35-44,anxiety_relief,16.6,False
3b664bae-1cfc-4e4a-8e71-72912ea68939,35-44,anxiety_relief,13.9,False
253059b7-6080-4aa7-b663-7da3a44c207c,18-24,sleep_induction,21.3,False
02ecb17b-bff1-4a67-84b0-2561c9134795,35-44,anxiety_relief,39.9,False
3dbbba60-898b-4fda-a6fb-d30eb0950aad,25-34,anxiety_relief,13.1,False
503c9cc0-028e-411d-b70b-cd593210a239,18-24,sleep_induction,16.5,False
6d13a5f2-4e86-4f16-a8f8-473bf85aa48e,18-24,anxiety_relief,9.8,False
ba2209c2-9794-4fbf-9d25-119a89414921,18-24,anxiety_relief,35.0,True
b9164747-2b20-4c9a-9fb9-5247f23c6ee0,25-34,sleep_induction,30.1,False
09f6d7d7-3b29-49fa-9216-d774f813f61f,25-34,deep_focus,25.2,False
366dd803-e0d7-4f7b-9035-acb2a7846684,18-24,sleep_induction,24.6,True
ccad42f2-d2fe-41f2-919d-70f57cef93ed,18-24,mood_uplift,20.1,False
a025b513-aaff-47a9-8f47-3252f951cb00,55+,sleep_induction,37.3,False
a4c7362b-667d-4171-8935-3018adad9722,35-44,deep_focus,23.1,False
f239a791-10c8-47b4-bb35-0ec59d6840b8,45-54,deep_focus,15.8,False
6b717bf6-34df-4a8b-9cb7-3e805f30358d,35-44,mood_uplift,24.1,False
3a52d782-dd33-4ec4-a2cb-88d61722270a,35-44,mood_uplift,61.9,False
1ceee526-6102-49f9-97a7-58458903df5f,35-44,sleep_induction,37.6,False
dccd2014-4953-4447-968c-2390cf30c180,25-34,deep_focus,48.8,False
17f4a7f5-4097-4bcf-98aa-c1cf7cbac8a4,45-54,sleep_induction,28.6,False
e6eb96b3-4de9-4686-8335-a5913833bd01,55+,deep_focus,22.9,False
42056cfa-4937-4784-8454-5199f6d750e3,18-24,grief_processing,57.0,False
9349dad0-4e1d-43f3-a537-6d23fd391f8d,35-44,mood_uplift,38.8,False
8fda4150-cd4d-4a17-8cb3-ccb70d3198ce,18-24,mood_uplift,20.3,False
58c672d1-db52-4589-98b2-902ce9eedcc0,25-34,grief_processing,33.3,False
5396cd5b-19f5-4e3a-af6d-3d81a09efde4,18-24,anxiety_relief,26.4,True
b878fe53-cce3-4314-b0ea-16dfb14af255,45-54,deep_focus,50.9,False
3d98b2ae-cb11-42b2-95b0-67b1339f9c4e,55+,sleep_induction,26.1,False
8c8f5366-ee2c-4a10-921c-cec03313532f,18-24,anxiety_relief,47.1,True
054025f7-eb6d-4c57-b02e-56c7febdf82b,35-44,anxiety_relief,41.6,False
c929c0fe-a35e-41e1-8e5a-70007376547e,35-44,deep_focus,43.4,True
0c157f9c-3aae-47d2-944b-280338149d0c,18-24,sleep_induction,29.1,False
dd19a3d4-3e0f-4eaf-a83d-83845ecfa357,18-24,sleep_induction,14.0,True
22ac6edc-cfc5-430d-b409-b7d43e1f294a,35-44,deep_focus,36.6,False
31cad42f-c68b-43ee-851b-62b7865d3648,55+,mood_uplift,20.9,False
1666a1b2-8d4c-4c21-b83b-1c22d5301aa1,18-24,anxiety_relief,71.0,False
e6360198-4137-4ec5-a626-abb9aa66dd1e,25-34,sleep_induction,44.7,False
6c539327-8b99-4fca-b3a3-2bf6dfb30377,35-44,grief_processing,41.0,False
1d3b0b94-d6b5-4027-a1c5-11a9dce84a5b,35-44,sleep_induction,47.9,False
6cce782e-24f3-4a1b-a3ea-17180cd02c34,55+,grief_processing,5.6,False
af6b37a7-acb6-4735-9fb5-470e72609e08,25-34,anxiety_relief,30.1,True
1d6fc4d9-48b4-4716-89a7-f42a6c35b09f,25-34,deep_focus,18.2,False
f13df282-8b28-4a0c-952e-2ca42299c488,25-34,anxiety_relief,2.7,False
d4a209f1-100c-4a4b-bc15-403ce9432a69,25-34,anxiety_relief,62.4,False
8cea90ca-a180-4bac-a2e6-9c2b8f2dae4e,25-34,anxiety_relief,38.1,False
d4d52e94-ddec-45d5-9805-531ef9619d67,25-34,sleep_induction,50.1,True
d79c96ff-81aa-4d6e-8042-d39c209e4708,35-44,deep_focus,23.0,False
4f9dc552-15ab-49d4-b0ea-eec6168d6a88,18-24,deep_focus,16.7,False
dd26bb43-b8a0-4cb2-8288-700d1d8d946d,35-44,sleep_induction,25.0,False
641cac9a-3469-4f22-a44f-b4046efb21f5,25-34,anxiety_relief,43.7,False
c142c34a-fdad-4a46-a41c-3c457cd7f69f,25-34,grief_processing,44.0,False
2d712567-e084-4af7-a98a-e99194037cec,35-44,grief_processing,18.0,False
39eacf4f-f8f7-42f3-bdbe-78ce96f33597,35-44,deep_focus,18.2,True
6d363827-536c-45da-8a8b-2f123bb19b70,35-44,anxiety_relief,16.8,False
47fb8531-6e73-4763-a63c-375cfbea7dee,55+,sleep_induction,39.8,False
6f638d03-21e3-42ea-a3b2-6f7a29d96543,35-44,sleep_induction,15.5,False
761ea5bd-9448-44a2-a60e-c9c96e496c5d,45-54,anxiety_relief,51.9,False
2bc97fd1-c604-4d67-861c-53830144b13c,25-34,anxiety_relief,34.7,False
76f186be-6fe4-4c7b-8b31-967238a6e74f,25-34,sleep_induction,45.0,False
30c0daf4-05d7-4e0b-8a08-abe8c7c7fe4c,18-24,deep_focus,20.6,False
8fccc516-bac7-4c35-b844-2ac539b4ec27,25-34,mood_uplift,31.8,False
8f6487b2-1b9e-4f57-840c-920f8d7ac10b,25-34,deep_focus,13.4,False
5c0b5750-c940-4465-8634-08a073e70359,18-24,anxiety_relief,54.6,False
05baae6e-a884-4262-8c0d-92a94a9bba4f,35-44,anxiety_relief,39.8,False
be566ad9-970d-4820-aef4-7491a3550ddd,25-34,deep_focus,53.6,False
85e30141-e710-45b9-af01-8b83ccc0affb,25-34,anxiety_relief,9.4,False
e5460e55-b503-46ab-9aeb-481bbdde40e9,25-34,sleep_induction,7.1,False
27102c23-f04f-4afb-a2cf-59bedef78168,45-54,anxiety_relief,33.2,False
5c281977-a8eb-45a9-ad0d-c22f2226b1e8,25-34,mood_uplift,32.3,False
a8dec6b9-13c1-4a21-8ed6-56805d6e9850,35-44,sleep_induction,20.7,False
bf492fed-8228-4dc9-8a73-e37704bc3946,35-44,mood_uplift,55.3,False
3c831a10-954a-46d2-a78c-b1b76f50a243,45-54,deep_focus,21.3,False
6d487482-7020-49aa-b7bb-78a140dcb5b6,18-24,deep_focus,22.1,False
02c67541-c0f9-4c9e-938e-44f64f5f30d1,25-34,sleep_induction,62.1,True
a7e1e953-849c-4a21-b2c5-bcbac95000b3,18-24,sleep_induction,32.2,False
c0489eaa-f20b-4155-8091-95b3cce564df,25-34,anxiety_relief,4.6,False
eeaea8c7-2049-4771-8667-8f80ab397f58,18-24,sleep_induction,21.7,False
670ffd89-fcee-4866-bc69-48ab270c1397,35-44,mood_uplift,52.1,False
05b27b30-1b3e-4e53-9430-07525957cb52,25-34,anxiety_relief,22.8,True
c9103b47-9c24-4443-bbe6-cec8d0991aa1,18-24,anxiety_relief,21.1,True
fc273fa4-a873-4406-af0b-20b9b2eff798,25-34,anxiety_relief,26.2,False
5004f3ab-9e17-4591-aa9f-d5b3807cbc6d,25-34,deep_focus,69.3,False
51d8aaec-5bdc-4f84-b94e-a9bfb91d8276,55+,mood_uplift,53.0,False
d954a034-8497-4e46-88d3-9281838137ea,25-34,anxiety_relief,12.3,True
b7e92b67-7b1b-4203-8467-278992722e9e,55+,deep_focus,3.8,False
b265dbcd-db4b-4960-84e9-5c90c7bec6cc,18-24,anxiety_relief,80.3,False
3b79ddde-77f2-42d9-a7ba-7a09322adad4,35-44,sleep_induction,84.4,False
fc5fac93-8530-4724-9f1d-2e61043b036b,18-24,sleep_induction,55.3,False
70584ff3-6e1e-4843-9555-83c9a70e0e9f,25-34,sleep_induction,41.0,False
f8edbe84-c61c-4061-b7c7-163d959a61dc,35-44,anxiety_relief,24.6,True
c1404c8a-0bed-45cf-8dae-3231c571581b,35-44,sleep_induction,26.5,False
155baf8d-d957-46ab-b33f-483701e8a4bb,45-54,mood_uplift,43.6,False
adbcb5f4-af1e-43fa-a298-b975cf11dde2,25-34,mood_uplift,75.5,False
650b3827-d53b-4569-9ee7-08c5a495abb1,25-34,sleep_induction,43.5,False
0a92fb83-f289-42b7-8fd0-a575746e8f92,18-24,anxiety_relief,39.8,True
6ccf94b6-90d6-4b40-bb92-96aa1d2b8904,18-24,mood_uplift,19.9,False
243e1322-e464-40fc-87db-5bcdeb029979,35-44,grief_processing,8.6,False
ee7bdec6-0659-400d-9d90-15803e9f5c58,45-54,anxiety_relief,14.1,True
92845209-db6f-47bb-a4fa-0fe2f75edf92,35-44,anxiety_relief,7.3,False
b95619ab-eb03-4160-8b34-fac5664b2441,18-24,sleep_induction,58.2,True
fe52e1f3-beaa-4d4e-b983-4ff8047919ca,25-34,deep_focus,26.2,False
180069b3-1d41-4d91-9e5c-7a0c42721b6d,25-34,sleep_induction,20.7,False
4ada47e4-27c1-47a3-be07-988c950d979c,35-44,anxiety_relief,12.6,False
353aff80-8848-4c60-8215-79f2bd0e0be6,45-54,anxiety_relief,9.4,False
4b7605bc-6b07-4e07-9334-b6088fb61e46,35-44,mood_uplift,20.1,False
6a56c56f-5583-4250-8f3d-ec4069208d53,35-44,deep_focus,21.6,False
c0548d49-e75e-42d8-848d-bffde3bf69c4,25-34,sleep_induction,18.8,False
bd20bf16-b38c-4d86-b662-4991be7f58c7,35-44,anxiety_relief,42.7,False
bc2ad28e-4ec7-42db-bb70-1f4aacd2ad8d,25-34,anxiety_relief,56.2,False
1eaa408a-4140-4d83-b793-4883a9b6e6db,25-34,mood_uplift,15.8,False
902a96ba-7a3d-4f5e-9dba-b345e88e4502,55+,mood_uplift,51.4,False
ece27bd5-67e1-4093-81fc-e27d8f4bed2b,18-24,sleep_induction,40.3,False
f5a35fc6-0809-4356-bd39-a068010fdf10,35-44,anxiety_relief,39.2,False
03cd6f62-e722-4ae4-887e-c9fa64a23a99,25-34,deep_focus,38.8,False
6b048b66-0aaf-42cf-9ce0-ce81685a2f78,18-24,sleep_induction,9.2,False
774dac61-7d20-4597-9c4e-fa775ffc874f,35-44,anxiety_relief,18.3,False
83b70d88-795a-44d8-b284-c3b2673e7df7,18-24,mood_uplift,20.9,False
6b45c70f-52c6-4973-8fd1-5553bd023544,18-24,deep_focus,35.8,False
75d49c62-618f-42ed-a539-14ce15066cfb,35-44,mood_uplift,45.3,False
34a0eb68-7148-4e02-847c-015c53c5ab7c,35-44,deep_focus,73.6,False
588a8e7c-fe4f-43d0-93a8-a947daa9ac9a,45-54,anxiety_relief,54.2,True
42d504c2-f570-45ed-b196-4601035e34e0,25-34,mood_uplift,11.7,True
9609f393-a698-4c5b-9902-3ad376f18d65,55+,mood_uplift,49.9,False
89c4cc8b-63fa-4a98-9e89-698683b7baa7,25-34,anxiety_relief,17.1,False
a5b62262-cc09-4589-88a6-e1b34368b65c,18-24,sleep_induction,25.9,True
63522344-d8d9-44be-a7db-e72ea5813e36,18-24,anxiety_relief,33.8,False
23017e85-e12d-42af-9364-a79dff9a27f3,25-34,sleep_induction,33.0,False
f971f7d4-d287-4618-a59d-cc84e693e411,25-34,anxiety_relief,25.4,False
b86d80ae-d6b3-49e1-b0f2-6f86d098a4ba,45-54,sleep_induction,33.9,False
988c8f3a-b5b6-46d8-96d7-55bb4aa34c1a,25-34,grief_processing,30.5,False
6255f3c5-485c-44f1-9464-efa5513236e3,35-44,anxiety_relief,28.0,False
5d463f95-bf8d-44ad-a317-bc563c852f5d,25-34,grief_processing,76.1,False
86785a1e-42a4-4e47-ad14-a875def2f7ea,35-44,anxiety_relief,25.5,False
c82be50f-5c16-448d-bf7c-f4b3fc58f14e,45-54,mood_uplift,60.3,False
415cf3dd-eb4d-485c-8053-3c4de574ca40,25-34,sleep_induction,6.3,False
e1edee7f-cf21-4bdc-9705-83a53bd74caa,25-34,anxiety_relief,16.6,False
d7f8af26-e317-441c-bacf-faf90c5bcf07,25-34,deep_focus,39.8,False
7755f20f-14c9-4a4d-b000-5673c952d728,18-24,sleep_induction,30.7,False
ff82136b-e4c5-4a30-9da2-053ac1365a54,45-54,deep_focus,40.6,False
af9ae233-df26-42cf-a17a-b9d33354adfe,45-54,deep_focus,19.6,True
f65441ff-da1a-452a-8c49-a587517601e0,18-24,anxiety_relief,13.6,False
25ad8671-7748-449c-8462-6857006e60e4,25-34,anxiety_relief,75.9,False
c71d83f7-f828-4ff4-9c88-e0e3e56ef653,35-44,anxiety_relief,51.0,True
108fa90b-0af3-46e9-b87d-a1b92f5196aa,35-44,deep_focus,66.2,False
4b6f2842-2796-462a-ac18-5a68d24da264,25-34,deep_focus,28.1,False
e1b2e4a9-c498-45e6-ad1a-d1f88c9ea954,45-54,anxiety_relief,37.4,False
b3ddd7af-e0f0-4721-9fe2-9ebc94dda2f4,25-34,anxiety_relief,14.0,False
100c1498-949b-4636-abd5-770c8eed6fab,18-24,anxiety_relief,8.5,False
8ab69aed-9969-475e-a65f-7e9f244fedcb,55+,anxiety_relief,40.6,False
98e15bf1-bb67-42ed-9a1d-1ce82b2e2793,25-34,anxiety_relief,36.6,False
adbcc382-2e82-49ca-8d86-a12c6d3e0b9c,18-24,sleep_induction,14.2,True
653ef7fe-584e-46db-b5be-713ace144941,55+,sleep_induction,13.6,False
036ff6f9-ede7-4d69-b06d-e32c755683bb,35-44,sleep_induction,70.5,False
5603a492-bade-4327-9db4-bba5f9494347,35-44,anxiety_relief,41.2,False
67a16f17-d15b-485d-af5d-351cd05d1f66,25-34,sleep_induction,21.9,False
e019d471-cfb7-41e1-8021-b540f150fc8d,25-34,deep_focus,34.6,False
5b9038cd-3d01-4aa1-9f1f-16138024c813,18-24,sleep_induction,19.5,False
20392234-eb81-4b6d-add5-71bd307082b8,25-34,anxiety_relief,20.8,False
05a184ab-58e2-4f68-9ccf-00aa807021e1,25-34,deep_focus,19.5,False
25f21f7d-c207-4f75-a19e-1df3c6b31533,18-24,deep_focus,27.4,False
2929a411-a07a-42d3-a5a8-cb9ed23e808c,18-24,sleep_induction,23.3,False
9c0b83d3-27a2-4aa4-84b9-246cf946f746,35-44,sleep_induction,18.8,False
c721d19d-d8a9-4248-9458-6e9adedd026e,25-34,grief_processing,29.3,False
fd6d78bd-bc20-46ce-8e11-c59cf0293f87,18-24,mood_uplift,39.2,False
8df5eddd-38b0-4ad1-815d-189eb2cc75d7,35-44,anxiety_relief,60.0,False
e9caeae7-cde1-4f5e-885a-5f9db4085e32,35-44,sleep_induction,67.6,False
f8565290-ae3f-43f6-94ed-93672d8e9de7,18-24,deep_focus,71.3,False
66c184f7-7621-445e-ad1b-7fbd0ff72a2c,25-34,anxiety_relief,63.4,True
7d504d73-4e0e-4614-bbbc-556063355b5b,35-44,sleep_induction,53.2,False
1bf7fdf8-7dac-4159-b3f3-32b2b9970579,25-34,sleep_induction,36.6,False
4f39e110-ccea-44df-ba41-6dbaef9d72ce,35-44,anxiety_relief,26.2,True
912f02d0-e495-4588-8c25-8621ee7a22ea,35-44,sleep_induction,17.6,False
76aed8a7-b468-4eda-a0fc-8c623df88e77,35-44,anxiety_relief,13.3,False
25907c61-1708-4346-9390-8c16b9ff08a8,25-34,mood_uplift,27.9,False
4aceb780-a54c-4e1b-9fd4-cabd0e9b2ff0,55+,deep_focus,14.5,False
dc3bbab7-e2b5-4516-965e-64141fcb8560,18-24,anxiety_relief,36.3,True
eeac75f1-7c2f-4260-976b-4b4c32aace31,25-34,anxiety_relief,82.7,False
f0b56d63-7a1e-4df7-8e08-71637c73583e,25-34,mood_uplift,31.0,True
aefe99d5-a5f3-4dc8-b943-265ce9ec765d,25-34,deep_focus,21.6,False
b8832228-0a6d-470c-aea7-3b25ba319483,18-24,deep_focus,49.1,False
34b31838-f112-459e-b40f-b5085c83db11,35-44,deep_focus,57.1,True
67892d9f-79a9-4917-8e32-cdb7f9e55921,35-44,deep_focus,47.0,False
3802c419-4fce-4225-8c1e-60315cc75194,18-24,anxiety_relief,32.8,False
848dcc74-b05c-4932-aec8-d9b7a84de771,25-34,anxiety_relief,63.9,False
b82e928d-4c74-493a-9217-c9345ab44135,35-44,sleep_induction,26.5,True
ecab0af1-f387-45cf-9f73-f7f6c3a8e19a,35-44,deep_focus,27.9,False
d74c3ef7-06bd-4b5c-a8f8-e9e407c18568,25-34,anxiety_relief,50.2,False
ca714198-4b9e-4dc0-a69c-5790f1d83f11,45-54,deep_focus,13.5,False
9b37f759-9e2e-4d32-a3e9-a3d94e3fa519,18-24,sleep_induction,54.1,True
9c53cef7-12bd-4e5b-9514-cc65b61e1954,35-44,grief_processing,28.8,False
7bb6f806-f3a0-4889-9e72-9ae00b5d65c2,35-44,deep_focus,15.4,False
8404f87e-e2ae-4242-a491-17d3cb1656bd,35-44,anxiety_relief,19.4,False
03ec974b-022c-4fcd-bd1b-ca92a2bab763,45-54,sleep_induction,45.0,False
d1007ca7-65af-4885-be8d-044a09852c64,25-34,mood_uplift,48.8,False
7d288565-39d5-4183-95e0-bcd8bc7d220c,18-24,anxiety_relief,10.0,False
c833bcfa-a3d2-43c8-bc5c-415ceabdb572,45-54,sleep_induction,17.1,False
ad395426-cbd3-44c4-b29c-ae599732e146,35-44,deep_focus,51.3,False
5babad2e-1d57-4afb-8e4f-4966f9d86ab9,45-54,sleep_induction,73.7,False
18615b76-a9b0-4a74-a8dd-916e8efe793f,18-24,anxiety_relief,64.3,True
254b412b-95a9-4c3a-9999-684deaf0c455,45-54,sleep_induction,19.5,False
5838096b-5134-4d0a-9178-caa7c64acb85,25-34,anxiety_relief,43.6,False
9a1b2eb9-fe78-412a-b846-17992ac2f60e,25-34,anxiety_relief,32.4,False
97eeb59c-fc0b-4ad4-9dd8-254ae5a18cba,25-34,anxiety_relief,29.6,False
b912e969-fa91-43ef-9b34-ed8e3b0a5d62,55+,sleep_induction,66.8,False
8cd3edda-99b6-40db-b265-07d7a25d5aa2,18-24,deep_focus,20.6,False
9acf87f5-4ce1-4e6d-8119-557b1b37f754,35-44,anxiety_relief,31.5,False
dadaf47e-265f-424e-89eb-339be59be4f8,18-24,sleep_induction,50.0,False
ba298a24-491a-4001-ab23-c3f938421a25,45-54,sleep_induction,44.7,True
c20571f2-ed91-4790-acb5-84cbacf2556b,25-34,mood_uplift,5.7,False
d2d55907-5865-4103-94d7-6163635ffe50,25-34,sleep_induction,51.7,True
8fa5f638-8b9a-440d-8877-75f723b84d5e,35-44,anxiety_relief,57.0,False
1527e8b1-9d46-4f17-89bb-f56043d49aba,35-44,mood_uplift,34.2,True
470d7aa8-4f5e-4616-9fe0-0eed0bebbe93,25-34,sleep_induction,52.4,True
df13e380-96dc-4092-be66-674754aa78a3,25-34,anxiety_relief,63.5,False
f4c24e1a-a5a1-4013-97fb-afb6e3f96af3,18-24,anxiety_relief,33.7,False
fae36e4c-029a-41d0-b9a0-6ad7d9eea564,35-44,anxiety_relief,35.2,False
3aa1f247-ab08-46f4-9d26-3806f10a64e6,35-44,mood_uplift,53.1,False
62b77c94-855f-4a44-8533-e843dfe0dacb,35-44,mood_uplift,6.6,False
96f915d9-b009-4260-95b9-9aa8044459bd,18-24,sleep_induction,31.9,False
c1e0e12b-1e16-42ee-8d65-b6b6d0c66efa,18-24,mood_uplift,11.3,False
